id,username,password,fname,lname,dtcreated,dtupdated,dtdeleted,status
1,gbickerstasse0,lcEpkepXGa0,Garrek,Bickerstasse,2019/04/17,2018/08/02,2019/04/11,1
2,yhulstrom1,anIa3pwB,Yule,Hulstrom,2018/12/13,2019/03/11,2018/09/19,0
3,tschimmang2,To6gBz2qC,Torey,Schimmang,2019/03/07,2019/05/17,2019/03/16,1
4,dlammenga3,cGw1GpjSBU9j,Darlene,Lammenga,2018/12/09,2019/05/10,2019/02/05,0
5,ebendix4,l68VeRafXvlV,Emmett,Bendix,2019/05/27,2019/04/26,2019/07/02,0
6,bcradduck5,iH8q17,Barbabra,Cradduck,2018/11/30,2019/02/13,2018/07/27,1
7,evoller6,cYzv7EO7vv,Evanne,Voller,2018/12/31,2018/12/09,2019/06/13,1
8,jbeams7,xU0Ca0DFdYts,Jen,Beams,2018/09/07,2019/06/10,2018/12/29,0
9,abrugemann8,aQaJfyM7n,Agneta,Brugemann,2019/01/25,2019/06/06,2019/03/11,0
10,gchatterton9,BRi1nWPW,Garnette,Chatterton,2018/09/16,2019/03/19,2019/01/12,0
11,mdaskiewicza,gIrmI2,Mildred,Daskiewicz,2018/09/19,2019/07/07,2018/12/13,0
12,mruddb,pwwc8g7tGk,Maison,Rudd,2018/08/13,2018/11/03,2018/08/15,0
13,kratleec,nOlmuCf4GdbN,Kailey,Ratlee,2019/06/21,2018/12/06,2018/10/31,0
14,afaind,eRr9iWYiD7Gg,Alisun,Fain,2018/08/27,2019/05/29,2018/12/12,0
15,cneenane,c5ssGD,Carolin,Neenan,2018/09/26,2018/09/11,2019/04/06,0
16,mbowersf,ZHvnbgYsfi,Melonie,Bowers,2019/06/13,2019/06/25,2018/08/26,1
17,hmassimig,hU7qOBoe5xn,Hughie,Massimi,2018/10/24,2018/10/21,2018/11/17,0
18,emahoneyh,M5MSGwuLuGu,Elise,Mahoney,2018/11/29,2019/05/20,2019/05/21,0
19,gblaisi,sfaMsyMZPdyo,Garek,Blais,2018/09/07,2018/11/26,2018/08/06,1
20,wphillipsj,BXRQJKmzAiA,Walsh,Phillips,2019/03/23,2019/04/29,2018/08/31,1
21,mkissockk,rRLjcSzE,Mollie,Kissock,2019/06/18,2018/10/11,2018/12/24,0
22,ltezurel,u7r2k08H,Lynn,Tezure,2019/06/23,2019/05/20,2018/11/21,1
23,stuplingm,iBjCAmfb3jzp,Savina,Tupling,2018/09/25,2019/03/01,2018/11/20,0
24,gasprayn,voUViWX,Germayne,Aspray,2019/06/09,2018/11/09,2018/11/13,1
25,rroakeo,l3F057,Rabbi,Roake,2019/03/02,2018/08/30,2018/08/14,0
26,erosenstielp,PcO3rbka3,Emmett,Rosenstiel,2019/04/03,2019/03/02,2018/10/25,1
27,askettq,XgbBHtYOR,Angus,Skett,2019/05/18,2019/03/24,2018/11/02,1
28,kjacombr,W4MCGiSKjctY,Kristy,Jacomb,2018/09/15,2018/10/27,2018/09/24,1
29,mswiggs,VN4NfGvZ3,Marillin,Swigg,2019/07/03,2018/11/19,2018/08/24,1
30,ktremblett,lnR0vq,Kaleb,Tremblet,2018/10/16,2019/07/03,2018/11/19,0
31,smacgauhyu,FLD44fYy,Saul,MacGauhy,2018/12/30,2019/05/27,2018/11/13,1
32,vchilverv,1Iql83Gp,Vanessa,Chilver,2019/02/26,2018/11/27,2019/07/07,1
33,ljobew,6nrDWzHG,Lesley,Jobe,2018/10/11,2018/08/19,2018/07/22,1
34,rpennellsx,pTJs7LXyYa,Ricca,Pennells,2019/05/28,2019/06/30,2018/11/22,0
35,hdewitty,hfavmug,Hewitt,Dewitt,2018/10/23,2018/11/22,2019/04/10,0
36,nwathanz,QzUlmazUKdf,Nolie,Wathan,2018/10/04,2019/05/13,2018/08/06,1
37,greedshaw10,PTev7Ro,Gavra,Reedshaw,2019/02/10,2019/04/16,2019/01/03,1
38,asandeland11,4jSr5Lc,Anjanette,Sandeland,2019/02/15,2019/03/23,2018/07/13,1
39,rlivock12,ys71hBrBmRf,Roch,Livock,2018/09/11,2018/09/01,2019/02/26,0
40,achapple13,9cjEjY7RoXG,Avivah,Chapple,2018/11/07,2019/04/27,2019/03/31,1
41,fconrart14,kADCh5WVTFko,Filia,Conrart,2019/01/17,2018/11/28,2018/08/30,1
42,cblazi15,XneRSb7srA,Celina,Blazi,2018/12/05,2018/11/12,2019/04/11,0
43,jlinny16,hFHPb12SNqA,Jerrilee,Linny,2019/07/09,2018/07/29,2019/04/05,0
44,agrewes17,GcsB7FmTaAH,Alric,Grewes,2019/04/21,2019/05/22,2019/04/13,1
45,jgoodday18,bxOJYT,Jeremias,Goodday,2018/12/23,2018/10/22,2019/04/13,0
46,opetyanin19,d1K7Ea6nrf,Osmond,Petyanin,2019/01/17,2019/02/24,2018/12/09,0
47,blantiff1a,h719YU,Benedikt,Lantiff,2019/02/24,2018/11/10,2018/09/10,1
48,cvowell1b,Bh3NF2xeM3h,Cordell,Vowell,2019/03/29,2019/04/12,2018/09/21,1
49,tedmunds1c,yKznbw,Trevor,Edmunds,2019/05/03,2019/06/20,2018/09/04,1
50,wjamme1d,3dBcwxdq2IUc,Woody,Jamme,2018/12/18,2018/08/23,2019/03/27,1
51,acharters1e,KU1B7yj,Angie,Charters,2019/06/19,2018/09/30,2019/01/20,0
52,dimrie1f,t4IBOV9r,Dewey,Imrie,2018/10/23,2019/03/05,2018/08/28,0
53,dbrokenshire1g,4QszzQ2bUtQ,Doe,Brokenshire,2018/09/28,2019/06/19,2018/11/13,0
54,tessame1h,sBfPykrF,Timofei,Essame,2018/11/18,2018/12/15,2019/03/27,0
55,hpietrowicz1i,NOSokesQagZ,Hildy,Pietrowicz,2019/04/28,2019/07/02,2018/10/27,0
56,cordidge1j,gW7XVaNP,Chaunce,Ordidge,2018/11/17,2019/04/09,2018/09/13,0
57,msharples1k,hSfhmb,Mikey,Sharples,2019/06/29,2019/07/03,2018/12/22,0
58,mbowman1l,q94hliXsk4J,Marijn,Bowman,2019/07/01,2019/02/07,2018/11/20,0
59,cclucas1m,ASlZG8vJCJ9,Ced,Clucas,2019/03/07,2019/04/26,2018/11/02,0
60,dmcgilleghole1n,5M8l85S7aM,Doloritas,McGilleghole,2019/01/18,2018/11/20,2019/04/17,0
61,dsarrell1o,nFNAxg,Doralin,Sarrell,2018/08/25,2018/10/01,2018/08/27,1
62,wjurick1p,wUkvfbHVQ,Wilma,Jurick,2019/02/23,2018/11/28,2019/05/25,1
63,tvallantine1q,5NfKQzp9,Twyla,Vallantine,2019/03/28,2018/07/10,2018/09/11,0
64,apetegree1r,IunjpnLG,Abigael,Petegree,2018/09/29,2018/09/30,2018/10/26,0
65,ktwort1s,IxmQDvi5,Katinka,Twort,2019/03/22,2018/08/29,2019/06/21,1
66,hfern1t,7FRk5B,Hendrika,Fern,2018/08/10,2019/06/01,2019/06/12,1
67,gpolsin1u,ZLwxiVqruS,Gwyneth,Polsin,2019/06/10,2018/07/29,2018/10/27,1
68,afielder1v,Sq84n6tpUIno,Arlyne,Fielder,2019/05/16,2018/08/20,2018/12/16,0
69,rcoltman1w,oSIT3G59S,Raye,Coltman,2018/08/23,2018/09/15,2018/08/17,1
70,bkirby1x,by5aazd4l,Brook,Kirby,2019/02/05,2018/09/04,2019/04/22,1
71,ccluckie1y,U4S2rg6AFsr3,Cristen,Cluckie,2019/01/25,2019/02/24,2019/03/14,0
72,rclementet1z,uxVk7gTpWq4,Roscoe,Clementet,2019/04/08,2019/03/19,2018/10/14,0
73,wbraddick20,BEqWoCPA,Wiley,Braddick,2018/12/14,2019/01/28,2018/08/25,0
74,mbantock21,aKfLvdp6,Marv,Bantock,2018/10/31,2019/04/29,2018/07/31,1
75,rsharkey22,BJYBHTPxRr36,Rutledge,Sharkey,2019/04/25,2019/01/29,2018/09/11,1
76,hcorps23,VaHDCqnuC8z,Hamish,Corps,2019/06/03,2019/04/23,2018/09/15,1
77,iokelly24,PPUJ3x8lu,Isidora,O'Kelly,2019/05/02,2018/12/11,2019/01/08,0
78,cboyton25,jeAgMidhbR,Corissa,Boyton,2019/02/08,2019/01/30,2019/03/08,1
79,wenbury26,TPP5S2BKN,Wynnie,Enbury,2019/04/01,2018/09/03,2018/09/12,0
80,cransome27,Q1UG9G,Colver,Ransome,2018/11/30,2019/04/18,2018/10/09,0
81,hhawlgarth28,3XPvFwcJpl,Hendrik,Hawlgarth,2019/02/28,2019/05/17,2019/05/15,1
82,cyakovliv29,txc9F1,Cyrillus,Yakovliv,2019/01/08,2018/07/17,2018/08/24,1
83,ldahmel2a,hHu1G0ZRRx,Leopold,Dahmel,2019/05/22,2019/06/28,2018/10/11,0
84,rmathe2b,GRRBLDE,Ravi,Mathe,2018/09/02,2018/08/20,2018/10/11,0
85,htreversh2c,xB4VBw5SwRN,Honoria,Treversh,2019/03/09,2018/12/15,2018/09/02,0
86,aclissold2d,3cfW1Q,Anya,Clissold,2018/12/25,2018/08/01,2019/01/22,1
87,ccairns2e,8ZsMtKk85,Cristina,Cairns,2018/08/21,2018/08/12,2018/07/26,1
88,vhartness2f,smdSxGPB,Vernon,Hartness,2018/12/08,2018/11/16,2019/02/07,1
89,hbagge2g,3vIA4t,Harriot,Bagge,2019/04/04,2019/05/08,2018/09/05,0
90,slabet2h,OEK5Yd21bP,Shelby,Labet,2019/07/06,2018/07/25,2019/02/16,0
91,smccrae2i,47uGDOXu3,Stacey,McCrae,2018/11/21,2019/06/03,2019/06/21,1
92,giowarch2j,RMbAgaI57d5B,Guillaume,Iowarch,2019/03/21,2019/02/20,2018/09/13,1
93,rdoll2k,vh0nMZ3UIOn,Rhona,Doll,2019/05/30,2018/09/08,2019/05/03,0
94,ggilling2l,q6jeffGo,Gisela,Gilling,2018/07/26,2019/07/01,2018/08/28,1
95,mdaud2m,FUpvsN5pR2H,Malina,Daud,2018/12/06,2018/11/14,2018/08/06,0
96,cdevries2n,UrI3hCy,Corbet,De Vries,2019/06/26,2018/08/25,2018/10/06,0
97,ajikylls2o,kDbE4iM2,Anallise,Jikylls,2018/07/10,2019/03/31,2018/11/23,1
98,jambrogetti2p,msj9gZ3vitFJ,Justis,Ambrogetti,2018/07/20,2019/04/24,2019/04/14,0
99,mskippen2q,I9EGSnO2AIJ,Meagan,Skippen,2019/04/10,2018/07/30,2018/11/18,1
100,jvooght2r,qTGZ5328gOE,Johannah,Vooght,2019/06/20,2018/10/24,2019/05/21,0
101,mostick2s,L0OtY54cp,Mariel,Ostick,2018/09/07,2019/01/22,2019/04/02,0
102,sudale2t,PYZwCdR,Stanton,Udale,2018/12/20,2019/03/02,2019/05/24,1
103,ahoulaghan2u,mEKOX0Dck2,Alta,Houlaghan,2018/08/07,2018/08/12,2018/08/07,1
104,kcoupman2v,Y9wXLLL,Karel,Coupman,2018/12/11,2019/06/22,2019/01/08,1
105,rodoran2w,meULJu,Ronny,O'Doran,2018/12/21,2018/12/31,2018/08/23,1
106,bshambroke2x,y1nws2h,Brooks,Shambroke,2018/08/04,2019/03/04,2018/11/02,0
107,pdulake2y,ubKxAG2w2s7p,Perla,Dulake,2018/11/27,2018/08/09,2018/08/27,1
108,iolivetti2z,TdSAtD6CCJp,Inglebert,Olivetti,2018/10/09,2019/07/07,2019/05/14,0
109,ofleming30,cUvijd5tO3g5,Olympie,Fleming,2019/05/05,2018/11/30,2019/01/03,0
110,mslaughter31,JhT2AgroR,Margette,Slaughter,2019/02/15,2019/03/04,2019/06/15,0
111,szohrer32,pKnp0Ore,Saunderson,Zohrer,2018/08/05,2019/04/13,2019/05/09,0
112,rlaraway33,MzGdFZJ6W,Rivy,Laraway,2018/09/16,2018/11/10,2018/10/09,0
113,pfrankema34,4geRfNz,Phillie,Frankema,2018/08/15,2019/04/12,2018/07/14,1
114,dkeepence35,JiO9IyY7TS,Danita,Keepence,2019/05/07,2019/04/18,2018/10/14,0
115,epeggrem36,2F69ebG3,Ephrem,Peggrem,2018/08/29,2018/11/16,2019/06/11,0
116,pgergler37,w5O1rG,Phyllis,Gergler,2018/10/14,2018/11/15,2018/09/22,1
117,rcritzen38,a7cEyQb,Rickie,Critzen,2019/02/26,2018/08/10,2018/10/11,0
118,chaseldine39,RxqvCxlqm3,Clevey,Haseldine,2018/10/04,2019/03/20,2018/09/21,0
119,mfurtado3a,oiUJkM,Merrill,Furtado,2019/02/14,2019/05/18,2019/05/30,0
120,nburger3b,JJlPzNpFXc,Nil,Burger,2019/04/02,2018/07/13,2019/03/27,0
121,vmalsher3c,YViBlRCf1HV,Viviana,Malsher,2018/09/11,2018/09/18,2019/02/09,1
122,lstrethill3d,uG2t3S,Liana,Strethill,2018/12/02,2019/03/04,2019/05/14,0
123,cshorten3e,6KbwopCx10,Clarinda,Shorten,2019/07/07,2019/05/09,2019/06/19,0
124,pivamy3f,zBNbUyNJU,Penelope,Ivamy,2019/01/23,2018/10/22,2019/04/30,1
125,aclausner3g,P0nYPHD50xNG,Arlette,Clausner,2019/03/24,2018/08/01,2018/12/24,0
126,beskrigg3h,sYvp6L,Brittany,Eskrigg,2018/09/03,2018/11/18,2018/08/12,1
127,jiffe3i,UutHN6S,Jimmie,Iffe,2019/04/06,2018/08/30,2018/12/29,1
128,ijosifovitz3j,7DkscCDum,Idell,Josifovitz,2019/01/27,2018/12/09,2019/05/28,0
129,tdurie3k,EJy2Rbi0C6s8,Tracie,Durie,2019/03/21,2019/04/28,2019/04/10,1
130,dmcgreay3l,YqNWViMk,Doroteya,McGreay,2019/05/21,2018/10/25,2018/11/02,1
131,sjoron3m,SYWlpX,See,Joron,2019/04/25,2019/07/07,2018/11/19,0
132,ahaddock3n,AMhDXOJrvB,Adoree,Haddock,2018/09/01,2018/11/29,2018/11/05,1
133,nmakin3o,c1aBQa,Norry,Makin,2018/09/06,2019/07/08,2018/12/01,1
134,vchallice3p,wBB2jyFp,Veda,Challice,2019/04/26,2019/04/28,2019/05/15,1
135,timmins3q,1x4KOtf2Bb,Thorndike,Immins,2018/12/04,2019/02/08,2018/09/18,0
136,tbazelle3r,ckgCOaYpEt,Tully,Bazelle,2019/06/05,2019/06/20,2018/12/10,0
137,mgravell3s,271K3R592l,Myrta,Gravell,2019/06/21,2019/06/17,2019/02/21,0
138,cstillgoe3t,6WPNaj,Celie,Stillgoe,2019/01/26,2018/11/22,2018/10/02,1
139,blilburne3u,V2vDMmHNZ,Brigham,Lilburne,2019/01/13,2018/08/24,2018/12/16,1
140,nlosbie3v,GI04bm54,Natasha,Losbie,2018/07/10,2018/11/14,2019/04/18,1
141,gtrustey3w,bCeE2scZICoJ,Garrett,Trustey,2018/12/21,2018/10/29,2019/04/14,0
142,mpickance3x,KUUlQoLCh2,Minetta,Pickance,2019/02/01,2019/06/07,2019/03/19,1
143,btapper3y,kYtiTTbcdDe,Budd,Tapper,2018/11/22,2019/05/28,2018/10/24,0
144,zkornacki3z,7BaP9tkdbm4,Zebulen,Kornacki,2018/08/05,2018/11/10,2019/05/11,0
145,mlacy40,OKKzNWSER,Margery,Lacy,2019/05/20,2018/10/06,2018/09/09,0
146,bjerwood41,p6ploNakNBsy,Bastian,Jerwood,2019/02/08,2018/12/20,2018/08/19,1
147,gfarquharson42,JdxsCB6qkz,Gertrud,Farquharson,2018/10/23,2019/05/14,2018/07/12,1
148,cmcbayne43,rRIZNPX,Cameron,McBayne,2019/04/26,2018/12/16,2018/11/06,1
149,jramey44,NhIikPe0,Jennica,Ramey,2018/07/30,2018/11/01,2018/12/25,0
150,tgreensmith45,RduvZ1kXE,Tera,Greensmith,2019/04/29,2018/11/22,2018/07/22,1
151,mmerwe46,qUdCGl8Shct,Mercedes,Merwe,2018/09/22,2018/10/08,2018/12/23,1
152,kgraal47,E43cLdwL,Kati,Graal,2019/04/29,2018/12/16,2018/09/16,1
153,rburner48,kUCtGx9YtnS,Rae,Burner,2018/07/22,2018/11/07,2018/08/30,0
154,jcamfield49,3N4tsrl,Jacquette,Camfield,2018/08/06,2018/12/29,2018/12/19,0
155,vattack4a,coXU7onCzP,Vin,Attack,2018/07/18,2019/06/24,2019/04/09,0
156,ymoreton4b,vRxTsd,Yasmeen,Moreton,2019/04/20,2018/12/04,2019/06/14,1
157,jpeyton4c,O3gSsfxk8U0s,Jane,Peyton,2019/01/26,2019/01/23,2018/09/28,1
158,byglesia4d,lA7viHjpJQ,Brodie,Yglesia,2018/10/31,2019/06/15,2019/06/01,1
159,whansford4e,dLzVBM,Wang,Hansford,2019/04/20,2018/10/13,2019/06/07,0
160,mlorek4f,UEtb20wH,Marty,Lorek,2019/01/11,2018/09/08,2018/09/10,1
161,hrylett4g,tD3KGyF,Henriette,Rylett,2018/10/09,2019/01/04,2018/09/16,0
162,nbanbrook4h,dm0xOnU,Nye,Banbrook,2018/12/23,2019/04/10,2019/04/30,0
163,bkrink4i,Y7D9xJ,Bee,Krink,2018/08/20,2018/11/26,2019/06/07,1
164,bkelway4j,jtMhqWDcS1,Belvia,Kelway,2019/04/04,2019/05/03,2018/12/08,1
165,fpoel4k,Bbn7PjJcEE,Florina,Poel,2018/11/29,2019/05/11,2019/05/11,0
166,oaltofts4l,NAV5mwba,Oona,Altofts,2018/10/01,2019/05/19,2018/08/16,1
167,aduce4m,e2VbeZCwB9,Arlen,Duce,2019/01/30,2018/08/14,2019/04/27,1
168,sgoulding4n,8arJJYQOc21,Stephen,Goulding,2019/06/23,2018/08/24,2018/09/16,1
169,ebulfit4o,OnCBGETA,Etan,Bulfit,2019/01/28,2018/08/05,2019/03/06,0
170,tskett4p,BqSgDjN,Tracie,Skett,2018/12/09,2019/03/24,2019/02/21,0
171,mcolbran4q,fDtg5v,Marcia,Colbran,2018/08/06,2019/03/21,2019/01/27,0
172,bbossons4r,SFCmf7EJOk91,Bobbye,Bossons,2019/02/26,2019/02/14,2019/06/24,0
173,lgorce4s,CfGiWUTJ,Lainey,Gorce,2018/12/03,2018/12/27,2018/10/22,1
174,vhinzer4t,cUqd23zRtjt,Vina,Hinzer,2019/01/21,2019/05/22,2019/06/04,1
175,kalvy4u,rYBBkKlRRaa7,Kissee,Alvy,2019/03/20,2019/01/21,2019/04/24,1
176,hduiguid4v,xfvtSYO8hYrA,Hanny,Duiguid,2019/04/03,2019/05/05,2018/08/23,0
177,cmalins4w,6OwWDtR,Cassy,Malins,2018/12/21,2018/10/11,2018/11/14,0
178,sgrimsditch4x,JMWBViggt,Sancho,Grimsditch,2019/03/30,2018/08/26,2018/11/21,0
179,dplane4y,c91Aae94,Darcie,Plane,2019/02/12,2018/12/28,2019/02/14,1
180,moliff4z,CFQDuYGx,Melodee,Oliff,2018/12/05,2018/07/31,2018/08/09,1
181,sasher50,gMK1BVN,Sibel,Asher,2019/01/22,2019/02/08,2019/04/26,0
182,iocklin51,2xi3jjwc,Ileane,Ocklin,2019/05/16,2018/11/11,2019/04/20,0
183,elewzey52,A2tuP1oh85m,Eula,Lewzey,2019/01/04,2018/10/04,2019/05/17,0
184,sdelhay53,05pSmC,Shani,Delhay,2018/07/22,2018/09/09,2018/10/02,1
185,arowet54,muxndZOu6,Amby,Rowet,2019/06/01,2019/04/09,2018/11/25,0
186,svonoertzen55,rfoNqLx4e,Silvie,Von Oertzen,2018/11/05,2018/09/30,2019/04/01,1
187,jgerrie56,Gqw2a8E3H,Johan,Gerrie,2018/09/16,2019/03/10,2019/02/07,0
188,vwackett57,QoDAu6J,Virginie,Wackett,2019/01/11,2019/01/21,2019/04/22,1
189,jbeacock58,6jxQMHBXmmXT,Josselyn,Beacock,2018/12/10,2018/12/05,2019/03/06,1
190,lceles59,kM9aeESk,Lorelei,Celes,2019/03/07,2018/08/18,2018/10/31,0
191,vgrennan5a,3fslb0TyGk,Valaria,Grennan,2019/01/03,2019/05/13,2018/11/25,0
192,bmar5b,crAKNEcT,Betteanne,Mar,2019/02/22,2018/10/01,2019/01/02,0
193,fcorrington5c,HpwEc7Jhj,Florentia,Corrington,2019/03/25,2018/12/31,2019/01/31,0
194,zdrieu5d,uNgOOvn,Zacharie,Drieu,2019/01/01,2018/12/12,2019/03/29,0
195,llittrick5e,UszO9ox1fZF,Lionello,Littrick,2018/11/14,2018/08/01,2019/06/30,1
196,sjarrell5f,McceBx,Shelden,Jarrell,2018/10/17,2018/08/29,2018/12/27,1
197,jbowater5g,uVdhdB,Jonathon,Bowater,2018/11/01,2018/07/23,2019/03/17,0
198,emarkussen5h,uh1yHWu9,Ermentrude,Markussen,2019/06/14,2018/11/21,2018/09/02,0
199,ealbrighton5i,XHhitd,Emalee,Albrighton,2018/11/14,2018/08/08,2019/03/24,0
200,bgeroldini5j,GFPfGI93vL1,Burt,Geroldini,2018/07/13,2019/02/25,2019/03/05,1
201,wloyd5k,UKtedF,Wynn,Loyd,2018/12/24,2019/02/07,2018/11/22,0
202,scarlan5l,ALmTkhIcWVY,Sidonia,Carlan,2019/06/06,2018/10/31,2018/08/28,0
203,abrookz5m,k01CeMPR,Antony,Brookz,2018/08/14,2019/01/12,2019/06/15,1
204,delfes5n,8XUcEoyzeTM,Deanne,Elfes,2019/02/27,2019/04/04,2019/01/09,0
205,cwoodrup5o,TiCpyhaZfrr5,Christyna,Woodrup,2018/09/30,2018/12/04,2019/03/21,0
206,nszach5p,bcYaFVcds5,Nataniel,Szach,2018/10/30,2019/07/08,2018/12/31,0
207,bdobel5q,ZcVR4ZXYjti,Bryce,Dobel,2018/08/28,2018/08/24,2018/11/09,0
208,tparlot5r,IZY6Ap,Tarrah,Parlot,2019/06/07,2019/01/06,2019/06/15,0
209,aisabell5s,LUgRqHDODT6,Ali,Isabell,2019/03/14,2018/08/06,2018/09/02,1
210,jtrain5t,XEygwSg,Jordanna,Train,2018/12/17,2019/04/28,2018/09/28,0
211,ovanini5u,nDlTi9,Osmond,Vanini,2019/03/06,2018/11/02,2019/02/08,1
212,rremirez5v,Oj1Zs820,Riley,Remirez,2019/03/10,2019/02/22,2019/04/10,0
213,lrennolds5w,hUC5Ae4Vr1,Lindy,Rennolds,2019/05/25,2019/06/24,2019/05/28,0
214,swilton5x,4lL1xDJcURI,Suki,Wilton,2018/08/08,2019/04/29,2019/06/04,0
215,ktuberfield5y,Fi9EKiWvQBK,Kelby,Tuberfield,2019/05/04,2018/09/04,2018/10/06,0
216,uibbitson5z,dwRYxeWAP,Ulrike,Ibbitson,2018/09/25,2018/10/07,2019/05/17,0
217,wserjent60,AD8zfTessI,Waylen,Serjent,2019/06/25,2019/05/02,2019/05/29,1
218,itassel61,59T94f,Irena,Tassel,2018/08/03,2018/11/19,2018/12/21,0
219,madaway62,xg886GQpv,Misha,Adaway,2019/04/07,2019/04/26,2018/11/24,0
220,vneilands63,ayWqmaF,Valle,Neilands,2018/12/08,2019/05/11,2019/01/07,1
221,ahalesworth64,8OElc43lN90,Alejoa,Halesworth,2019/03/29,2019/06/19,2019/04/11,0
222,fblackham65,hFuoFdgP8o,Flory,Blackham,2018/12/30,2018/12/24,2019/07/03,1
223,xschulkins66,CrzHZdLyy,Xerxes,Schulkins,2018/08/22,2018/10/01,2019/06/13,0
224,sgjerde67,fMoVi31U8sk,Stirling,Gjerde,2018/08/02,2019/01/09,2018/11/26,0
225,sschout68,0Rc3yZc,Sonny,Schout,2018/11/12,2018/12/05,2018/09/26,0
226,fcharopen69,S8nylP,Fabe,Charopen,2018/08/24,2018/08/24,2018/08/03,1
227,hbentinck6a,wEqhxuIVd9iY,Helaina,Bentinck,2018/07/13,2019/04/21,2019/01/24,1
228,lselbie6b,sn8h5AeLoKb2,Loralee,Selbie,2019/01/30,2018/10/22,2019/06/18,1
229,jligertwood6c,lKy9QEX,Jan,Ligertwood,2019/04/25,2018/07/19,2019/01/19,1
230,pjackman6d,tJU30RcP,Paige,Jackman,2018/07/16,2019/05/02,2019/02/27,1
231,rcornew6e,EAVvFXai,Randolph,Cornew,2019/05/21,2018/11/16,2018/08/22,1
232,fnancarrow6f,OGl2ytwv8MH,Fionna,Nan Carrow,2019/05/31,2018/11/19,2018/10/19,0
233,rtroake6g,DB7SVwj,Reeva,Troake,2019/06/04,2019/02/12,2018/09/06,0
234,magastina6h,6mnUyM0lS,Micky,Agastina,2018/11/09,2019/06/12,2019/03/19,0
235,cgullen6i,p4a7WzYSyXp,Cos,Gullen,2019/05/27,2018/08/23,2018/09/16,0
236,ejakeway6j,EM7EjQ,Elsworth,Jakeway,2018/08/15,2018/11/15,2018/10/14,1
237,skmietsch6k,KOKeRiLnX4,Staford,Kmietsch,2018/08/28,2018/10/04,2018/11/28,1
238,ahessenthaler6l,gh6X20Ny,Allin,Hessenthaler,2018/10/26,2018/12/25,2018/11/16,1
239,eklein6m,c1frinICXnZi,Erv,Klein,2018/12/20,2018/11/25,2019/03/07,1
240,sshutte6n,IBPqJQRIL,Sargent,Shutte,2019/06/02,2019/04/02,2018/10/27,1
241,shechlin6o,uHBmeuH8Cq1,Shaughn,Hechlin,2018/08/03,2019/04/26,2018/09/07,0
242,ktideswell6p,3pqxvQAXmXf9,Kath,Tideswell,2018/11/20,2019/03/18,2019/04/05,1
243,ntargetter6q,nCJHgVIaaxhK,Nancey,Targetter,2018/07/23,2018/10/01,2019/01/08,1
244,llettsom6r,ti6Wat1EJ3,Leann,Lettsom,2018/10/11,2018/12/17,2018/10/11,0
245,socrotty6s,syxQPFh9,Susette,O'Crotty,2019/02/05,2018/11/28,2019/02/13,1
246,dbrede6t,ht7Rbh2fO,Darryl,Brede,2019/03/14,2019/03/30,2018/07/26,0
247,gtollerton6u,3LAYZURGCbb,Gabriel,Tollerton,2019/01/02,2019/07/06,2018/08/18,1
248,mgrelik6v,92StboJZ,Mollee,Grelik,2019/03/25,2018/10/20,2019/07/01,0
249,tivakin6w,Yw0FvyNbln,Tobe,Ivakin,2019/01/13,2018/12/17,2019/02/15,1
250,vmccord6x,swHInSuTF,Vallie,McCord,2019/03/14,2019/01/13,2019/05/10,1
251,bliddiard6y,FADnuXkR2T,Berrie,Liddiard,2019/01/11,2018/12/26,2018/07/21,1
252,sranald6z,v1pF7Ucn,Sheilah,Ranald,2018/08/27,2018/11/20,2018/07/26,0
253,agamet70,lcFk4dg,Angelique,Gamet,2019/01/22,2019/05/21,2018/11/02,0
254,acoppens71,eLrheARw,Ardath,Coppens,2018/09/01,2019/06/22,2018/09/17,0
255,mtotman72,pdXCOu,Mariam,Totman,2018/08/20,2018/07/30,2019/07/04,0
256,ejosskovitz73,AEvEWXM,Emmye,Josskovitz,2018/08/21,2019/02/27,2019/04/17,0
257,scosslett74,UtUPu9,Stephan,Cosslett,2019/01/27,2019/05/10,2019/04/01,0
258,naggas75,oWgEkcCZvSRt,Ninnette,Aggas,2018/09/05,2019/06/08,2018/07/30,0
259,dmordacai76,B98aptKwey,Deanna,Mordacai,2018/10/06,2019/06/03,2018/12/28,1
260,mwoodes77,8X0VSOSxL7Q,Mallissa,Woodes,2019/06/11,2018/08/04,2018/11/03,0
261,cgilardone78,dRiqqo8uY,Costanza,Gilardone,2018/07/25,2019/02/23,2019/01/15,1
262,pjerrim79,w1zPLxsvB7,Philippa,Jerrim,2019/01/10,2018/07/17,2019/03/26,1
263,pmacquire7a,QSFJv1,Paquito,Macquire,2018/11/14,2019/02/04,2018/11/02,1
264,fgregine7b,xhmxI6L,Filbert,Gregine,2019/05/07,2019/06/28,2018/12/05,0
265,jkilfedder7c,Mjapkrck5g,Jessika,Kilfedder,2019/03/09,2018/11/10,2018/12/07,0
266,fmckain7d,zxWxtveW,Faustine,McKain,2019/07/05,2019/03/24,2018/09/24,0
267,eemmet7e,Gealfuj,Emmit,Emmet,2019/03/11,2018/09/30,2019/01/06,0
268,vormshaw7f,cRZLKB5,Vachel,Ormshaw,2018/08/23,2019/03/22,2018/10/15,0
269,eorsay7g,6sMn0cOGS,Emlynne,Orsay,2018/09/28,2019/02/27,2018/10/10,0
270,cthickpenny7h,SwF14JuVo,Claudina,Thickpenny,2019/05/30,2018/11/06,2019/02/05,1
271,eemerson7i,J1zNIdSEUDJ,Eward,Emerson,2019/03/23,2018/11/12,2019/05/25,0
272,coflannery7j,aA8aFZ,Corny,O'Flannery,2018/08/10,2019/02/05,2019/06/16,0
273,lmaudlin7k,O0BlReRXpJX,Laurene,Maudlin,2018/08/25,2018/08/10,2019/01/17,1
274,ohavesides7l,JOag8Bnx0UbO,Obidiah,Havesides,2019/06/12,2019/06/14,2019/01/30,0
275,mlemonnier7m,bYIy4LHvQP,Maxie,Lemonnier,2019/03/26,2019/05/25,2019/02/07,0
276,mmatchell7n,IW3nITa,Mikol,Matchell,2018/11/26,2018/10/29,2018/09/22,1
277,lfather7o,WXltpYlssvri,Lilia,Father,2019/06/22,2019/06/15,2018/11/10,0
278,kpetrishchev7p,mP0LALda,Kenneth,Petrishchev,2018/10/12,2018/12/14,2019/02/14,0
279,ahenstone7q,rKKjGn65,Adelaida,Henstone,2019/05/26,2019/03/11,2018/08/02,0
280,pockwell7r,1Gbu4DEXdTQI,Phillipp,Ockwell,2019/04/01,2018/09/12,2018/12/16,0
281,mpetrozzi7s,4Akg4uLjx3OO,Maxy,Petrozzi,2019/01/27,2019/03/02,2018/10/12,0
282,ckinder7t,I1wjFr3ABX,Cass,Kinder,2018/09/28,2019/07/09,2018/12/18,1
283,klongstreeth7u,h3KptRMyJ,Katrine,Longstreeth,2018/09/08,2019/03/07,2019/06/07,0
284,ametcalf7v,hFNCElB,Alphonse,Metcalf,2018/10/27,2019/05/10,2019/04/06,0
285,jdhooghe7w,6lbbnmStUdmO,Jada,D'Hooghe,2019/03/23,2018/07/31,2019/06/02,1
286,rcrowche7x,BrBzlQjdrV8,Robinet,Crowche,2019/01/11,2019/02/02,2019/07/09,0
287,nkleimt7y,7GLAEO6FICGt,Nertie,Kleimt,2018/07/25,2018/09/15,2018/10/31,0
288,cfavill7z,GKVu0aRGu,Casper,Favill,2018/10/18,2019/06/12,2018/10/08,0
289,cmelville80,4KDC6K1b,Caro,Melville,2019/03/12,2019/01/27,2018/10/04,0
290,bpestell81,TKn2c3rY,Bette,Pestell,2019/03/03,2019/06/21,2019/02/26,0
291,abiggar82,xcF3M7e,Alexis,Biggar,2019/05/22,2018/12/27,2019/02/23,0
292,kdearnly83,uEoX9kl,Kit,Dearnly,2019/06/15,2019/02/13,2018/08/17,0
293,bprattin84,hbWuAVPR,Berrie,Prattin,2019/02/23,2019/04/14,2019/07/06,0
294,jstampe85,LAJVFG3szREZ,Jolene,Stampe,2019/05/04,2018/11/27,2019/06/01,1
295,lmilvarnie86,a84kHNK19,Lucienne,Milvarnie,2018/11/24,2018/11/08,2019/03/18,1
296,jodare87,FlcQfn,Joela,O'Dare,2018/12/15,2019/07/04,2019/06/27,0
297,gscranney88,0DMhdJ6pxMWr,Gabriel,Scranney,2018/08/22,2018/11/07,2018/12/15,1
298,eprinn89,kIjP4WmCZ3r,Elladine,Prinn,2018/07/27,2019/03/20,2019/02/09,1
299,lsallis8a,Kay2aCF,Latashia,Sallis,2018/09/04,2018/11/24,2019/03/05,1
300,bangear8b,ZvnLFgZJ0uD,Bjorn,Angear,2019/07/03,2019/01/04,2019/01/14,1
301,lgrogan8c,tpdY437rE2n,Lotta,Grogan,2019/03/26,2019/01/04,2018/11/05,1
302,agogin8d,xRmxeGh,Anselma,Gogin,2018/07/18,2019/04/14,2018/08/28,1
303,studdenham8e,udLvRxVL74Xl,Sherie,Tuddenham,2019/07/03,2018/08/09,2019/02/20,0
304,cgallgher8f,oYDx0jpqkl6a,Casar,Gallgher,2018/09/07,2019/03/07,2019/02/21,1
305,tmarcinkowski8g,BYM5YzMKNc8,Thebault,Marcinkowski,2019/07/09,2019/06/24,2019/01/19,0
306,mstansby8h,91mJjdMYd,Malory,Stansby,2019/04/16,2019/01/15,2019/02/06,1
307,pcowwell8i,Xr7crSS1,Patrice,Cowwell,2019/01/22,2019/05/18,2018/11/07,0
308,ncortez8j,dVR7CQQL5n2,Nikolos,Cortez,2018/09/14,2019/06/16,2019/05/17,1
309,jglossup8k,Esh0ab,Janeen,Glossup,2019/01/22,2019/02/20,2019/01/13,0
310,bkruschov8l,3offzSoMd,Belinda,Kruschov,2019/05/16,2018/11/04,2018/07/29,1
311,akershow8m,HFYAMb,Aurora,Kershow,2019/05/26,2019/04/27,2018/09/25,0
312,abird8n,CcH1RMO,Algernon,Bird,2018/08/06,2018/12/05,2019/06/30,0
313,nroache8o,EUjtuW6z,Niki,Roache,2019/03/16,2018/07/13,2019/01/25,0
314,lbiddles8p,H5d3ONC,Lazaro,Biddles,2019/02/02,2018/09/30,2019/03/13,1
315,tlytell8q,i6rZie52gQ1M,Tressa,Lytell,2019/01/30,2018/07/12,2019/03/12,0
316,utolfrey8r,STidy5l,Ulrica,Tolfrey,2019/05/27,2019/06/06,2018/11/12,1
317,ubuckthorp8s,H8IjFUFW83w,Udell,Buckthorp,2018/08/07,2018/12/11,2019/06/04,0
318,nalvarado8t,hC2HO6WbHq,Noak,Alvarado,2018/11/02,2019/03/28,2019/04/20,1
319,lhumby8u,sCWplC,Leonhard,Humby,2019/02/25,2018/09/04,2019/03/04,0
320,gpiercy8v,vTaKm0rqm,Gibb,Piercy,2018/07/25,2019/06/17,2019/03/27,1
321,ybeagin8w,CGzlCft,Yorgos,Beagin,2018/07/27,2018/07/19,2019/03/09,1
322,phamberstone8x,ibOIM3,Parsifal,Hamberstone,2019/03/29,2019/06/25,2018/12/19,0
323,blammerich8y,JYjhWdQLkVmS,Brodie,Lammerich,2019/01/08,2018/08/25,2018/08/15,0
324,gdreakin8z,NAeWbUj,Gil,Dreakin,2018/11/21,2019/01/23,2019/05/13,1
325,gstrowlger90,eHP3dBbQ,Gipsy,Strowlger,2019/06/05,2019/07/03,2019/05/01,0
326,rgodfroy91,QG2o6K4d,Rudolph,Godfroy,2018/07/17,2019/02/08,2018/10/01,1
327,amyrkus92,Iq1XWOhN,Aviva,Myrkus,2018/11/03,2018/07/30,2018/08/27,0
328,mbertie93,3r5FfGMI,Madeleine,Bertie,2019/05/26,2018/12/26,2018/10/14,1
329,psetchfield94,jyIr0xzgI,Pietra,Setchfield,2018/10/16,2019/04/13,2018/07/13,1
330,amaybey95,IZXzHsst,Ardyce,Maybey,2018/07/13,2019/03/16,2019/03/10,1
331,fstanway96,GeSRmPM3zqe,Fanchette,Stanway,2019/04/04,2018/10/25,2018/09/30,1
332,bkenson97,XqwtdE,Bonita,Kenson,2019/05/20,2018/10/17,2019/01/15,1
333,idutchburn98,VXRTOQcGb,Isa,Dutchburn,2018/08/31,2018/12/05,2019/04/12,1
334,gkilbride99,B2LvYgXkQ,Giffie,Kilbride,2019/03/16,2018/08/01,2018/11/18,0
335,zbassham9a,0MIdStAGS,Zea,Bassham,2019/04/06,2019/05/05,2018/10/25,1
336,cbedin9b,MDMsLUz3,Clayborn,Bedin,2018/09/13,2018/11/11,2018/08/19,1
337,landraud9c,yhvIzKS71,Lynnette,Andraud,2019/02/15,2018/12/30,2019/03/31,1
338,mdytham9d,yM9tzqUS,Mattheus,Dytham,2018/12/31,2018/08/01,2018/12/28,0
339,dricciardiello9e,7xFqIR3I1H,Derek,Ricciardiello,2018/09/09,2018/07/13,2019/03/19,0
340,dmatys9f,PoEmjH,Denni,Matys,2018/09/02,2019/03/30,2018/12/13,0
341,bkelshaw9g,Rv8yd9h,Bank,Kelshaw,2018/12/09,2019/02/01,2019/05/07,0
342,mkahan9h,sCO37G,Maitilde,Kahan,2018/09/26,2019/05/15,2018/10/18,0
343,socheltree9i,S91w5ft,Swen,Ocheltree,2019/03/19,2019/05/15,2019/06/07,1
344,ldampier9j,4KQFCZGM8Fx,Lindsey,Dampier,2018/11/26,2018/10/13,2018/10/10,0
345,mcritzen9k,17FP5Ul,Marieann,Critzen,2018/11/02,2019/02/20,2019/03/11,1
346,dbills9l,xsj5gALmZn,Deane,Bills,2018/09/10,2018/09/16,2019/02/05,1
347,ttapscott9m,raoNZSZwQiQO,Trever,Tapscott,2018/09/17,2018/10/04,2018/11/19,1
348,crixon9n,EDjH6PDZX9P,Carri,Rixon,2019/06/11,2019/02/06,2018/10/01,1
349,bharwick9o,du6bceN11LZd,Bee,Harwick,2019/04/24,2018/07/25,2018/08/20,0
350,bzupone9p,wtrpxcfdz,Bone,Zupone,2019/04/25,2019/04/28,2018/10/03,0
351,jallix9q,YqHd4kpQ7M,Jaimie,Allix,2019/04/14,2018/08/14,2019/06/02,1
352,athomsen9r,Vii0J3,Adrianna,Thomsen,2019/05/16,2018/11/25,2019/01/23,0
353,jstacy9s,gzBiFRKLUfR,Jaquelin,Stacy,2019/06/23,2018/12/07,2019/01/20,1
354,lgrimwood9t,mDCWse,L;urette,Grimwood,2018/10/29,2019/07/03,2019/04/11,1
355,rmacauley9u,7doynsR,Renelle,Macauley,2019/02/13,2019/07/01,2019/06/04,0
356,dwolfe9v,bPYUKDnBl,Dwain,Wolfe,2018/10/14,2018/09/22,2018/09/14,1
357,bforsard9w,GiH2pq3y,Billy,Forsard,2019/03/15,2019/02/10,2019/03/10,1
358,fwhieldon9x,4fOyk8Ks,Florrie,Whieldon,2019/05/30,2019/04/14,2018/08/23,0
359,erichie9y,PMj5SE,Elden,Richie,2019/02/22,2018/08/17,2019/01/03,0
360,abartleet9z,UUMCVpUG,Ardith,Bartleet,2018/10/16,2018/10/16,2019/02/19,1
361,ogaskella0,7JQPUzD,Olympie,Gaskell,2018/09/24,2019/01/17,2019/02/24,0
362,ldrawmera1,aB2lPad5aTu,Lynnea,Drawmer,2019/03/25,2019/06/23,2018/07/12,0
363,gcaldayroua2,CRrGw1,Gayle,Caldayrou,2019/05/02,2018/11/26,2019/03/09,1
364,hyarrowa3,1y6QkL1ukk,Hersh,Yarrow,2019/02/22,2019/03/01,2018/12/26,0
365,tneadsa4,PgaGSyP,Trefor,Neads,2019/02/16,2019/03/17,2019/06/29,1
366,sbisleya5,3rux6JAU,Sherm,Bisley,2019/06/09,2018/08/20,2019/03/31,0
367,bcotmana6,TeeWuzsHm9,Bren,Cotman,2019/05/30,2018/11/11,2019/06/07,1
368,esharriera7,5KxQp4,Emory,Sharrier,2019/01/17,2019/01/04,2019/07/01,1
369,bgatehousea8,PWnW8BPdpv,Barrett,Gatehouse,2019/06/20,2019/02/04,2018/08/10,0
370,hchristophersona9,0W605o,Harley,Christopherson,2018/10/02,2018/12/10,2019/03/05,1
371,mbarfittaa,OccGmavGAk,Muffin,Barfitt,2018/08/31,2019/02/11,2019/04/23,0
372,nolletab,9ptMf4w,Noni,Ollet,2018/10/02,2019/05/04,2018/09/20,1
373,lsneesbyac,z7gWgu,Lynett,Sneesby,2019/06/07,2019/03/05,2018/10/07,1
374,ieversonad,ewHhXYxJtjJ,Irwinn,Everson,2018/10/24,2019/03/12,2019/06/02,1
375,rwildeyae,VVUMlWaU,Rudolph,Wildey,2019/03/22,2019/05/30,2019/05/29,1
376,pferrettiniaf,DnCUp0lXC,Padraic,Ferrettini,2019/06/05,2019/05/06,2018/07/21,0
377,ebestwerthickag,1INmDJAt,Enoch,Bestwerthick,2018/10/08,2019/05/03,2018/10/20,0
378,mbosselah,qRtE2i8z3u,Matias,Bossel,2018/09/02,2019/05/29,2018/07/25,0
379,lmenloveai,EyaYadj4Lpwm,Lauren,Menlove,2019/02/08,2018/11/09,2019/07/01,0
380,hpanchinaj,2PtoFk,Herold,Panchin,2018/10/19,2018/08/07,2019/03/02,0
381,gfacciniak,x25V2l1,Gayler,Faccini,2018/08/05,2019/01/26,2018/11/24,1
382,dkarpenyaal,zE41lqFmZaFc,Dunstan,Karpenya,2018/12/17,2018/11/20,2019/04/28,0
383,alaunderam,CvJbToFf6AR,Anderea,Launder,2018/08/15,2019/02/20,2018/11/18,1
384,dliddingtonan,Pb6tvt0F,Doll,Liddington,2018/12/01,2019/02/19,2019/02/28,1
385,hkonkeao,ZuRG4dd7X,Herb,Konke,2019/03/23,2019/05/19,2018/08/28,1
386,lolliverap,mGk49lsm56c,Liana,Olliver,2018/08/30,2018/12/19,2018/08/28,1
387,wgarronaq,ntmeQhJUba3,Wyatan,Garron,2018/08/09,2018/07/31,2019/01/08,1
388,cschiefersteinar,SYspKI45dAd,Carley,Schieferstein,2019/05/04,2018/11/01,2019/01/31,1
389,hgladdingas,FHF5XG8,Hilary,Gladding,2019/07/07,2019/02/10,2018/10/09,1
390,sdunridgeat,zmj7m8DAYQ,Sidonnie,Dunridge,2018/10/18,2018/12/28,2019/04/17,1
391,vfilipputtiau,zuRG2hcW,Vallie,Filipputti,2019/04/26,2018/12/18,2018/12/09,0
392,nweblandav,LEOqbgS,Nisse,Webland,2019/06/29,2019/02/21,2018/07/10,0
393,cfrantzenaw,eAR690GT,Carolee,Frantzen,2018/12/10,2018/09/26,2018/09/16,1
394,fjointax,VfTJH6X,Forster,Joint,2019/02/01,2019/01/04,2019/05/17,0
395,ogillandersay,ZVBGT7DH1Qt,Obadias,Gillanders,2019/01/31,2019/01/27,2019/06/11,1
396,jfattoriniaz,jUVAw9B,Jasun,Fattorini,2019/02/26,2019/02/19,2018/08/03,1
397,lprobettsb0,6cm9WlYi,Lilias,Probetts,2019/06/05,2018/09/25,2019/06/26,1
398,jgaddasb1,Ul2RLSykC,Joycelin,Gaddas,2019/01/24,2018/08/19,2018/08/30,0
399,mbaggallayb2,vKPvikq6J,Maureene,Baggallay,2018/10/11,2018/10/31,2019/05/27,0
400,fdeaconsonb3,K7Bekk7R,Felipe,Deaconson,2019/05/19,2019/05/05,2018/11/01,0
401,dfortnamb4,u16sa06,Dallas,Fortnam,2018/11/29,2019/04/15,2018/10/08,0
402,rluckesb5,MkOe9Ad,Reube,Luckes,2019/03/16,2019/07/01,2018/07/23,1
403,hdriverb6,esVe7MR5R,Hazel,Driver,2018/11/09,2018/08/29,2018/09/17,1
404,fguyanb7,txQGwKX1,Florence,Guyan,2018/11/19,2019/04/20,2018/11/21,0
405,bmaleb8,T0ZzrL6GL,Bambi,Male,2018/12/15,2019/05/07,2019/02/13,0
406,ghayenb9,su1rZSYU2i7z,Gery,Hayen,2018/09/11,2019/02/06,2019/05/08,1
407,kmottersheadba,UEzGUvBUye,Kiah,Mottershead,2019/05/19,2019/03/26,2019/03/05,1
408,okemetzbb,yaFerG4Qbp,Orelie,Kemetz,2019/06/06,2018/11/17,2019/03/04,1
409,khorsleybc,PX9aNSDaa,Kristina,Horsley,2019/03/19,2018/10/16,2018/08/02,0
410,nlippardbd,4WVtVZ16,Nedi,Lippard,2018/11/23,2019/02/21,2019/01/21,0
411,akirimaabe,ZYhOiJrMV,Allin,Kirimaa,2018/10/20,2018/08/08,2019/05/30,1
412,elauriebf,AX5X66ZH8,Edgar,Laurie,2019/05/25,2019/02/28,2019/06/10,0
413,dvreedebg,YAEQq2ZHQRE,Dorree,Vreede,2019/01/01,2019/01/02,2019/02/11,1
414,hgerbelbh,X5FX1Q2,Hugo,Gerbel,2018/08/24,2019/05/01,2018/09/06,0
415,lcotsfordbi,ND0Art,Liam,Cotsford,2019/05/06,2019/01/16,2018/07/12,1
416,dvanniekerkbj,hBCF7oa2uoe3,Dall,Van Niekerk,2019/04/21,2019/06/15,2019/02/21,0
417,gjovicbk,12m69gB,Germain,Jovic,2018/11/01,2018/07/25,2018/09/15,0
418,kkopferbl,2Mo26k1al,Kristofer,Kopfer,2018/11/12,2018/07/14,2018/11/15,0
419,wosseltonbm,LM4OIBKoA7,Whitney,Osselton,2018/09/13,2018/12/07,2018/08/13,0
420,bgoulderbn,HxGFYn,Brear,Goulder,2019/03/14,2018/11/02,2019/03/09,0
421,jpheaseybo,49dglpK6,Johannah,Pheasey,2019/06/26,2019/06/28,2019/05/30,0
422,lkillfordbp,B1tIHLm2M,Lindi,Killford,2019/02/26,2018/08/29,2019/03/16,0
423,ndowdallbq,lCCUf80m,Nikola,Dowdall,2019/05/15,2019/05/31,2019/01/13,0
424,cpinnigarbr,A3EawD,Ced,Pinnigar,2019/06/18,2019/01/01,2019/02/15,1
425,otironebs,6AqzU49xgZ,Odelia,Tirone,2019/05/05,2019/02/01,2018/12/22,1
426,tfishlockbt,zCUS28JOtuH,Terrie,Fishlock,2018/07/26,2019/06/23,2019/05/03,1
427,jbettingtonbu,WxmJkG2KoSd,Jaimie,Bettington,2019/02/24,2018/12/03,2018/09/12,1
428,kphilcottbv,GnHiIqob,Kathi,Philcott,2018/08/12,2018/10/30,2019/04/22,1
429,mluxfordbw,wFhwtoOBXl5,Matthaeus,Luxford,2018/07/22,2018/10/31,2018/12/17,0
430,skubiakbx,OaEf6tg,Skip,Kubiak,2018/10/13,2018/09/05,2018/11/02,1
431,nstoterby,g63ZyNB,Nannie,Stoter,2019/02/13,2018/12/13,2019/01/10,1
432,dhabbesbz,z0CWyUUvMTpj,Diena,Habbes,2018/11/18,2019/02/15,2018/08/19,0
433,jlorenzoc0,DHZmdu,Jany,Lorenzo,2018/10/01,2018/11/05,2018/09/14,0
434,djarmync1,fKqroRl,Durant,Jarmyn,2018/08/13,2019/01/19,2018/10/14,0
435,sambrogiolic2,fmBdWW,Sarajane,Ambrogioli,2018/12/22,2018/12/16,2019/06/01,1
436,ijedraszczykc3,7h0Z0wI7nuU,Inger,Jedraszczyk,2018/08/10,2019/03/17,2019/04/24,1
437,abarrasc4,e3Yj05CBKKst,Aimil,Barras,2019/05/11,2019/02/16,2019/06/03,1
438,tandrysc5,s16s9uPCc0e,Torry,Andrys,2018/07/11,2019/05/22,2018/09/09,0
439,mbullimorec6,fCGxV4xj9ZCb,Minnnie,Bullimore,2019/03/23,2019/02/22,2018/08/21,1
440,cgravyc7,zTp4Yv,Connie,Gravy,2019/01/03,2018/12/11,2018/11/30,1
441,vmacnamarac8,c1LG2o2P1,Vinni,MacNamara,2019/03/13,2019/04/02,2019/05/28,0
442,jportwainec9,zUe5EOTPUkA,Joseph,Portwaine,2018/08/22,2018/11/21,2018/08/13,1
443,lodeaca,yfxPqBKWV,Lavina,O'Dea,2019/06/20,2019/05/17,2018/07/18,0
444,srichtercb,glt57aGPgfWi,Sibbie,Richter,2018/09/07,2018/11/25,2019/06/07,1
445,jchoulescc,KSVXzQbn4N,Jorry,Choules,2019/05/16,2018/11/14,2018/07/18,1
446,qangeaucd,xTJteou,Quintina,Angeau,2019/02/15,2019/03/02,2019/03/29,1
447,pgiacoppoce,pqOW9Iv,Pat,Giacoppo,2019/01/05,2019/03/11,2019/06/07,0
448,mduffiecf,LH7hJFsY,Mariel,Duffie,2019/06/03,2019/03/12,2019/05/10,1
449,jyarnellcg,TXWpFoBpdG,Julie,Yarnell,2019/05/23,2018/11/21,2018/10/05,0
450,ttolomellich,wsfwHIA,Tabbie,Tolomelli,2018/10/21,2018/09/18,2018/08/29,1
451,dgiffkinsci,MFSerHJpgGl,Delinda,Giffkins,2018/08/31,2018/08/20,2019/07/04,0
452,bsimmenscj,czUdmC,Bell,Simmens,2019/05/24,2018/09/02,2018/09/14,1
453,hpantingck,vQFr9wKK,Hayes,Panting,2019/07/06,2019/04/12,2019/01/11,1
454,bmidgelycl,nDcKq5W6tn,Beverly,Midgely,2018/10/06,2019/05/09,2018/09/21,0
455,aolivellicm,NIbWDw,Ashlen,Olivelli,2018/12/26,2019/06/11,2019/06/05,1
456,jpossellcn,SD4zBKewxU,Juli,Possell,2019/01/21,2019/01/19,2018/11/22,1
457,pannearco,c7DPI0uuX,Percival,Annear,2018/11/22,2019/05/10,2019/05/04,0
458,zdranecp,n8HGgK,Zulema,Drane,2019/06/19,2019/03/05,2019/03/01,1
459,igeeraertcq,z7rPefmr0alx,Isidro,Geeraert,2018/12/10,2019/07/03,2019/06/19,0
460,gbottinellicr,WCYyW5g051y,Gilberte,Bottinelli,2019/02/14,2018/08/30,2019/03/27,1
461,gtrustramcs,gl1jun1,Gabbi,Trustram,2018/11/05,2018/08/02,2018/09/12,1
462,njennisonct,Pjab1i,Nanete,Jennison,2019/02/02,2019/04/19,2018/07/18,0
463,igopsillcu,BMNk4WFPvcD,Iorgos,Gopsill,2018/09/19,2018/07/24,2018/12/31,0
464,mcressinghamcv,jLC591,Mattie,Cressingham,2018/07/12,2018/11/22,2018/12/30,1
465,efibbencw,gt21KOWo8e,Eydie,Fibben,2019/05/07,2018/09/29,2018/07/18,1
466,msandyfordcx,VucNNuU0ex,Maia,Sandyford,2018/10/24,2018/07/27,2019/06/29,1
467,nbullantcy,NGtmr5,Nickolaus,Bullant,2019/02/04,2018/09/23,2018/08/03,0
468,dalwincz,m0xENt3S,Dinah,Alwin,2018/10/31,2019/04/13,2018/10/06,1
469,bcunahd0,M5yHyi7supr,Broddie,Cunah,2019/04/10,2019/04/27,2019/06/11,1
470,swhybornd1,VPuFtdeF,Sal,Whyborn,2019/05/13,2019/05/20,2019/06/24,1
471,mbastond2,o2iuGRC48,Martica,Baston,2019/06/17,2019/01/21,2019/01/27,1
472,cdellcasad3,WTzzfhUCGi7,Clare,Dell Casa,2019/04/23,2018/12/05,2019/06/02,0
473,nmorsleyd4,F740DRqEW0,Nerita,Morsley,2018/10/30,2018/07/14,2018/10/18,0
474,nbartleyd5,hqzgYUVBj,Nettie,Bartley,2019/01/02,2018/11/07,2019/03/23,0
475,mcavendishd6,qRF6cv,Marion,Cavendish,2018/12/17,2019/01/12,2019/01/16,1
476,mstoiled7,jyXB5GmGSKzz,Merrie,Stoile,2018/11/16,2018/08/03,2019/03/06,0
477,mritzmand8,O0trBzNx,Maria,Ritzman,2019/06/25,2018/11/24,2019/03/26,0
478,tspaltond9,D2JRQFobh3cy,Tanner,Spalton,2019/04/28,2018/12/28,2018/08/20,1
479,efieldingda,vB4J7kiYNA,Eleonora,Fielding,2018/07/10,2018/10/23,2019/04/25,1
480,mraeburndb,csHaVU7,Marja,Raeburn,2019/03/27,2019/02/14,2019/02/12,1
481,eblackettdc,QEW6at2p3NT,Eugine,Blackett,2019/02/24,2018/09/08,2019/05/24,1
482,carmfirlddd,X5qrTwllLQsO,Corinne,Armfirld,2019/04/14,2019/06/24,2019/05/09,1
483,mklaussende,KtzMu0J,Micheline,Klaussen,2018/10/13,2019/06/05,2018/12/20,1
484,moluneydf,GYSKIf,Mahalia,O'Luney,2019/04/11,2019/04/14,2018/08/16,0
485,rlunadg,jnweGSOkv8Y,Raul,Luna,2019/05/29,2019/03/05,2018/09/26,0
486,nlightdh,AjVhIROeueP,Nixie,Light,2018/08/08,2018/11/01,2018/10/12,1
487,tguittdi,g4vSlR9c,Tiffany,Guitt,2019/05/11,2018/07/15,2019/01/29,1
488,lmountfortdj,hmv2KeJY3,Loreen,Mountfort,2018/09/02,2019/05/29,2018/12/07,0
489,pderislydk,4it5HM,Patrizius,Derisly,2018/10/03,2018/08/05,2019/03/23,1
490,rhugettdl,AlvAxt,Rustie,Hugett,2019/02/15,2018/09/29,2019/01/30,0
491,aramasdm,gPwbOttZiO,Anderson,Ramas,2019/03/09,2019/07/08,2018/08/09,1
492,pkellsdn,svSMgUc,Parsifal,Kells,2018/12/16,2018/08/14,2019/01/10,1
493,rhowshipdo,qWrEMvx,Reba,Howship,2018/09/10,2018/08/17,2018/11/13,0
494,gdavenportdp,qJzaeavu,Gearalt,Davenport,2019/03/25,2018/09/21,2018/10/20,0
495,mveltmanndq,AxZzGz7,Mireielle,Veltmann,2019/03/04,2018/10/09,2019/04/18,1
496,mmalcolmdr,ck7hLkjoUG,Marcelia,Malcolm,2018/08/10,2018/10/03,2019/06/26,1
497,nmealingds,rZcuZKXQmaCU,Neala,Mealing,2018/09/09,2018/11/26,2018/09/13,1
498,mmalkiedt,vBiNl7,Mickie,Malkie,2018/11/12,2018/09/23,2018/08/23,1
499,swaycotdu,OWFmF4,Simona,Waycot,2019/04/07,2019/05/05,2018/08/07,0
500,scrinkleydv,rn4bWG,Sosanna,Crinkley,2019/05/12,2019/02/03,2019/05/02,1
501,mblundondw,Lpx8fp27v2lL,Monika,Blundon,2019/02/05,2018/10/28,2019/01/04,1
502,yglavedx,YZ3MHXABJGI,Yolane,Glave,2019/02/17,2019/07/01,2019/01/10,0
503,chanscombedy,hSMKjH,Catina,Hanscombe,2019/05/27,2018/10/08,2019/05/16,0
504,gkembreydz,4L6SlU,Ginnifer,Kembrey,2018/08/10,2018/09/15,2018/11/27,0
505,mfoldse0,F0UyBw,Melamie,Folds,2018/08/10,2018/07/29,2018/12/30,0
506,cespine1,SgSXhXnL2fU,Cart,Espin,2019/04/15,2018/10/29,2019/06/03,1
507,pmacvanamye2,MmBlOy,Patty,MacVanamy,2018/12/08,2018/10/20,2019/02/24,0
508,mkillwicke3,lzMKYbDTElr,Manda,Killwick,2019/04/15,2018/09/22,2018/09/22,1
509,bmelanaphye4,O0iZ75gVk,Burg,Melanaphy,2018/08/08,2018/09/05,2019/03/16,0
510,tpolgreene5,bE1dBegqOsj,Tessy,Polgreen,2019/04/04,2018/09/08,2018/12/10,1
511,vcordreye6,X4EgM0F,Vaughan,Cordrey,2019/02/28,2019/01/20,2018/10/05,1
512,mhuscrofte7,vSTCJcveUYz,Murdock,Huscroft,2019/07/08,2018/08/17,2019/06/28,1
513,ygaylorde8,0K51X43,Yevette,Gaylord,2019/05/24,2019/04/01,2018/10/23,1
514,iwoottone9,7Cf181v3Q8,Inigo,Wootton,2019/01/05,2019/05/08,2019/03/18,1
515,lbonnellea,h2qGhCTI,Livy,Bonnell,2019/04/12,2018/10/05,2018/11/01,0
516,smccardleeb,RxVFeSiZlJ,Sherwood,McCardle,2018/12/07,2019/01/05,2018/10/24,0
517,jcullefordec,unguZtBNgoc,Johannah,Culleford,2018/08/13,2019/07/07,2019/03/30,0
518,mswoffered,QjeB2Tk,Mildrid,Swoffer,2018/10/11,2018/10/08,2019/01/20,0
519,acrofthwaiteee,ShckXUS,Arty,Crofthwaite,2018/07/28,2018/09/30,2019/01/16,0
520,ayairef,lq2HpR05rCr,Amandie,Yair,2018/10/27,2019/05/14,2018/07/21,0
521,boxnameg,vImOnzNMtbT,Beilul,Oxnam,2019/05/29,2018/12/25,2019/01/11,1
522,pkrikorianeh,VKNQjI,Perla,Krikorian,2019/01/18,2019/06/05,2018/11/22,1
523,zfuzzeyei,cdrpGOr,Zulema,Fuzzey,2019/03/08,2019/05/28,2019/06/29,1
524,pcausonej,tI5urJSwdD,Pooh,Causon,2018/09/06,2019/01/01,2019/04/21,1
525,fgathererek,mVSvGNml,Felicdad,Gatherer,2018/11/16,2018/11/09,2019/05/15,1
526,kblumerel,4EJ3arsw5HDE,Katya,Blumer,2019/06/02,2019/01/26,2018/11/10,0
527,seddlestonem,tTKe4QGhe6j,Selinda,Eddleston,2019/01/20,2019/02/26,2019/05/22,1
528,sbeckhouseen,xcfYiE,Samuel,Beckhouse,2018/07/23,2019/03/26,2019/06/27,0
529,gfiggeeo,uHak5pD1,Graehme,Figge,2019/02/08,2019/06/12,2019/05/14,0
530,shemphallep,dwi6KzRG,Stoddard,Hemphall,2018/09/17,2018/12/08,2018/12/17,0
531,bvampluseq,JcIJOsX48J2,Batholomew,Vamplus,2019/01/22,2019/06/11,2018/11/15,0
532,djerviser,C1coOU8,Dierdre,Jervis,2019/05/12,2018/08/19,2019/04/13,1
533,dvannses,0XTnTo,Donn,Vanns,2018/11/12,2018/08/08,2019/05/25,0
534,syairet,7TIWAX,Suki,Yair,2018/09/11,2018/07/30,2019/02/19,0
535,ftrimeu,HD3uaqtrU,Fidel,Trim,2018/09/19,2019/04/06,2019/05/30,1
536,cbraikenridgeev,E3iPUdue,Cristin,Braikenridge,2019/06/12,2019/06/19,2019/03/06,1
537,tomullanew,cfM2GiXREE3c,Tiphani,O' Mullan,2019/03/25,2018/12/12,2018/07/10,0
538,lwhyleyex,a7YY5PawL,Luis,Whyley,2019/01/05,2019/03/03,2019/07/06,0
539,jvalentinuzziey,CJZJnfK2,Jessie,Valentinuzzi,2018/12/17,2018/09/27,2018/08/26,0
540,tmccroneez,V3KwOZ6XGe,Trixy,McCrone,2018/10/19,2019/04/29,2019/04/27,1
541,gclemintonif0,xhNFOvb,Gerhardine,Clemintoni,2019/05/11,2018/08/27,2018/12/16,1
542,wdecroixf1,BRWsy8G,Wilow,Decroix,2018/10/07,2019/06/19,2019/05/17,0
543,cpetcherf2,E8tsOvwUKi,Constantine,Petcher,2019/04/29,2019/05/18,2018/09/14,1
544,jwhordleyf3,ldfjOUoo,Jodie,Whordley,2018/07/23,2018/10/23,2018/12/24,1
545,fvipanf4,Um774P,Frederica,Vipan,2019/07/09,2018/10/08,2018/08/09,0
546,hjannf5,H3K2ZXQvhc,Hercules,Jann,2018/11/14,2019/05/10,2018/07/11,1
547,smaylottf6,A4bimFjWD,Sheppard,Maylott,2018/08/30,2018/08/10,2019/05/20,0
548,cmouatf7,7zuK9OGikS,Corissa,Mouat,2019/04/27,2019/06/29,2018/11/18,0
549,ajezzardf8,xqKEfJe,Alfonse,Jezzard,2019/03/01,2018/11/23,2019/03/13,1
550,ctantrumf9,OqGWW1,Corny,Tantrum,2019/03/03,2018/08/15,2018/12/10,1
551,jbartrapfa,lD8OlMWyIaei,Jordon,Bartrap,2019/01/02,2019/03/10,2018/10/07,1
552,candreefb,ea3qIcTd92O,Calv,Andree,2019/03/14,2019/03/29,2019/06/26,0
553,mmancktelowfc,njLcIEFF,Myrtie,Mancktelow,2019/06/26,2019/03/28,2019/06/07,0
554,rwhitefd,l4ALqvr,Ringo,White,2019/03/05,2019/06/27,2019/04/03,1
555,jhenrietfe,CPqZPnXGXy9d,Jodie,Henriet,2019/01/13,2018/12/27,2018/08/11,0
556,jlarkkemff,pUA0gwLE92pP,Jan,Larkkem,2018/10/22,2019/06/28,2018/08/05,0
557,tastupenasfg,2mfHLho,Tarah,Astupenas,2019/02/16,2019/01/24,2019/02/22,1
558,mjarvillefh,eCT7q367kg7,Mellisa,Jarville,2019/05/17,2018/11/16,2019/04/20,0
559,wdysartfi,RqbhHXb7pzk,Welsh,Dysart,2018/09/19,2018/09/19,2019/01/10,0
560,mamblerfj,HhP0dkyEJ8l,Meade,Ambler,2018/09/26,2018/07/17,2019/06/26,0
561,tjeffcoatefk,AhMCbiXqAR,Tony,Jeffcoate,2019/05/28,2018/11/27,2019/01/28,0
562,apykermanfl,f450t1Jy80,Arney,Pykerman,2019/04/15,2019/01/24,2019/05/17,1
563,fcavanaghfm,CAgNSV7XXW,Feodora,Cavanagh,2018/11/01,2018/12/06,2019/07/02,0
564,wwhittleseefn,ihD65zE,Wilton,Whittlesee,2018/11/17,2018/10/31,2018/08/11,1
565,sharbinsonfo,n3kBUufVSY,Sarena,Harbinson,2019/06/21,2018/07/17,2018/10/23,1
566,gswaytonfp,X3ZdFF5W0Za2,Genovera,Swayton,2018/11/05,2018/07/16,2018/07/19,1
567,gblackmoorfq,5s0p0q,Garrot,Blackmoor,2019/04/23,2018/07/30,2019/05/01,1
568,edalesiofr,dP81Pm,Elva,D'Alesio,2019/06/13,2019/06/17,2018/12/24,0
569,ccraxfordfs,TGtiBtBHE,Carlina,Craxford,2019/01/20,2019/05/17,2019/06/02,0
570,jbullinghamft,5rMImbV0,Jimmie,Bullingham,2018/08/08,2019/06/05,2018/08/31,1
571,cjoblinfu,ZiDm4nY2,Cherilynn,Joblin,2018/09/01,2018/11/26,2018/10/31,1
572,cguddefv,2dzrUZTXq,Caro,Gudde,2018/11/07,2018/11/05,2018/10/01,0
573,hjakubovitsfw,aTzm6SC,Hernando,Jakubovits,2018/11/16,2019/04/22,2019/05/28,0
574,mpettiferfx,p6UQc9fbn6nU,Morley,Pettifer,2019/01/07,2018/12/02,2018/10/14,1
575,amanuaudfy,fa8hj6,Aleta,Manuaud,2018/07/24,2019/02/14,2019/04/10,0
576,agavinfz,7DmT2kOKAz,Adriane,Gavin,2019/03/04,2019/05/17,2018/09/23,1
577,rcolkettg0,gNOcTYBbm,Rosene,Colkett,2018/10/11,2018/09/22,2018/07/24,1
578,mslayg1,vgMhfhm,Min,Slay,2019/04/15,2018/08/05,2019/06/26,1
579,sburgisig2,hGdJ6ljRTnn,Stephenie,Burgisi,2019/04/17,2019/04/03,2019/06/12,1
580,gdanksg3,HXSSsC,Gard,Danks,2018/10/06,2018/10/13,2019/01/06,0
581,fgeoghegang4,xjnHxyalb,Florance,Geoghegan,2018/08/11,2019/05/25,2019/01/05,0
582,mharrissong5,FEsZzKWnW1,Marguerite,Harrisson,2019/06/19,2019/02/23,2018/12/09,1
583,atinghillg6,FkNpWgOigA,Ardeen,Tinghill,2019/01/05,2018/12/30,2018/08/12,1
584,gnewportg7,fc9KQ6T,Garrott,Newport,2019/01/18,2019/05/30,2018/07/12,0
585,gmangeneyg8,8jRwA0uch,Gregg,Mangeney,2019/06/26,2019/04/10,2018/08/01,1
586,gjeramg9,RbOkSuQvq,Germana,Jeram,2019/02/04,2018/11/24,2019/01/09,1
587,hbailsga,55Aap4,Hedy,Bails,2018/12/17,2018/11/12,2018/09/26,1
588,jbalkgb,Q89voTE7W,Jolynn,Balk,2018/09/05,2018/11/04,2018/10/26,1
589,mtrappgc,pVABYasQ,Marshall,Trapp,2018/10/07,2019/03/27,2019/02/03,1
590,rivashintsovgd,OLJg40nfGC,Rosalind,Ivashintsov,2019/01/10,2018/07/27,2019/04/09,1
591,aevittge,CBmV2YRsIPdx,Andres,Evitt,2019/03/25,2019/07/05,2018/07/11,1
592,etrusegf,MaySuPr,Ekaterina,Truse,2018/12/31,2018/08/25,2019/06/25,0
593,wbraemergg,9bKz8g,Wilbur,Braemer,2018/07/17,2018/12/06,2018/10/19,0
594,cyureningh,VROzYeF9ro7,Cy,Yurenin,2019/05/10,2019/04/28,2019/05/25,0
595,cmewtongi,h8AGzs,Charmane,Mewton,2018/11/05,2018/12/27,2018/10/04,1
596,athinggj,P140gNEGudB,Ailbert,Thing,2019/06/13,2019/03/02,2018/09/29,0
597,lredfieldgk,fUAwI7H,Lauren,Redfield,2018/12/02,2018/11/08,2018/09/06,0
598,ccloneygl,8UfspXg,Corrinne,Cloney,2018/07/21,2018/11/29,2019/05/12,1
599,fbreegm,odioXqU,Flory,Bree,2019/01/30,2019/06/29,2019/02/09,1
600,melgergn,5m5R5EOl,Mortimer,Elger,2018/09/21,2018/10/23,2019/06/23,1
601,mtallboygo,iw7wOWwnRDRZ,Malissa,Tallboy,2019/06/04,2019/01/14,2019/07/03,0
602,rhurstgp,6L2k8Bg,Romy,Hurst,2019/05/09,2018/11/15,2018/12/24,1
603,kdaniellogq,U2Viif1k1h,Kendell,Daniello,2019/04/06,2018/07/29,2018/12/03,0
604,kfearnillgr,LFbLXl,Karlens,Fearnill,2019/05/30,2019/05/04,2019/02/20,0
605,bverickgs,m79EsMUp2QKN,Brigid,Verick,2018/10/02,2018/11/27,2019/06/26,1
606,eiczokvitzgt,7xuXgbDoDIc,Esmaria,Iczokvitz,2019/02/25,2018/07/14,2018/07/12,0
607,kmiddleditchgu,W8Gr8Ft,Katherina,Middleditch,2018/09/23,2019/02/23,2018/12/04,1
608,gheinsiusgv,qgoAVXjC,Gabie,Heinsius,2018/10/11,2018/10/13,2018/12/05,0
609,mcharlestongw,6S3ZLx,Margarita,Charleston,2019/01/12,2019/04/19,2019/07/08,0
610,dvanegx,MSBQ9uDLBmSr,Delora,Vane,2019/05/26,2018/08/29,2019/04/05,0
611,csabatigy,a5BYey4Pop0,Christina,Sabati,2019/05/23,2018/08/14,2018/08/07,1
612,odytegz,zbTAHiUrCL,Othilia,Dyte,2019/07/02,2019/06/03,2019/06/24,0
613,dtuckh0,ONIvAZ3N8Y,Dion,Tuck,2018/08/13,2019/03/21,2019/05/31,0
614,rmellmothh1,PC5LHo0g2B,Riane,Mellmoth,2018/09/29,2019/05/02,2019/01/05,0
615,cheathfieldh2,WwxSmGgyEsPe,Candie,Heathfield,2018/11/05,2019/01/14,2019/02/22,1
616,bsainsburyh3,hGvAmY,Brynn,Sainsbury,2019/02/09,2018/11/27,2019/01/24,0
617,bcloseh4,J9uTO2aS,Birgit,Close,2019/02/10,2019/04/17,2019/07/05,0
618,rferrarelloh5,VubtPTCwucTN,Rosabel,Ferrarello,2019/05/12,2019/04/30,2019/01/24,0
619,etylerh6,GAz7YQXD,Eb,Tyler,2018/10/05,2018/11/02,2018/09/30,0
620,ballardyceh7,Hf3tbuRv,Barbe,Allardyce,2018/08/28,2018/12/04,2019/04/29,0
621,bchinnockh8,bHi3TAkpksR,Banky,Chinnock,2018/09/04,2019/01/15,2018/09/26,0
622,dhimsworthh9,O3UGNo,Decca,Himsworth,2018/12/08,2018/10/10,2018/07/26,0
623,thuffaha,aIEVXVY,Tammara,Huffa,2018/07/31,2018/10/04,2019/04/27,1
624,dstrankhb,pxc2ks,Dieter,Strank,2018/08/18,2019/03/03,2018/07/16,0
625,rskipseyhc,GSRB6dF02,Rusty,Skipsey,2018/12/25,2019/04/21,2019/01/08,0
626,wbarbosahd,ufNIYuiTaR,Wayne,Barbosa,2019/02/19,2019/04/17,2018/10/19,0
627,sanselmhe,aj7Wxxos,Shanta,Anselm,2019/04/11,2019/03/13,2018/08/03,0
628,nhogganhf,b0TC7BnrI,Nichole,Hoggan,2018/12/27,2018/08/30,2018/10/03,1
629,lroggehg,gOR7gJANJ,Loella,Rogge,2018/07/20,2019/01/20,2019/02/17,0
630,raddersonhh,HNMoce,Rosemary,Adderson,2019/05/03,2018/11/28,2018/07/22,0
631,ekoubuhi,T1FfvXFQ7vn,Eduard,Koubu,2018/10/23,2018/09/02,2019/02/04,1
632,kbrittainhj,e1uHam,Kata,Brittain,2019/04/09,2019/02/01,2018/09/03,0
633,imoncktonhk,hKJQC1B,Irene,Monckton,2019/04/26,2018/10/18,2018/09/01,1
634,nivainhl,eZcJcnvSL6E9,Noelani,Ivain,2018/12/10,2019/01/13,2018/09/19,1
635,hpezeyhm,W9cmNzx2j,Hinda,Pezey,2019/07/06,2018/12/06,2018/08/16,1
636,sgarradhn,jGm2UPa,Sherm,Garrad,2018/08/15,2019/02/16,2018/10/25,1
637,mpfertnerho,YhvPVg4oWh0m,Marc,Pfertner,2019/01/20,2019/05/26,2018/08/11,1
638,kgouldhp,5JG7NX,Kym,Gould,2019/01/14,2019/02/25,2019/01/20,0
639,ldudleyhq,S2pLviO,Leigh,Dudley,2019/04/03,2019/01/11,2019/01/17,1
640,hfluckerhr,rkfo9c,Homerus,Flucker,2018/11/04,2019/02/11,2018/07/16,1
641,aeldershawhs,kxKHj7Zu,Arda,Eldershaw,2018/11/17,2018/11/13,2018/12/16,1
642,kmclagainht,b9jKLiz9gnU,Kore,McLagain,2019/03/06,2018/07/25,2019/06/10,1
643,lbarochehu,qk3DITHt,Lezley,Baroche,2018/12/06,2019/05/06,2019/05/07,0
644,xpirdyhv,ZuM1yhQA3He,Xerxes,Pirdy,2018/08/31,2019/05/21,2018/07/19,1
645,lspiershw,w2OgrA2xMJ5,Lawton,Spiers,2019/05/27,2018/10/18,2019/05/15,1
646,bjonczykhx,BWpH8emtg,Benny,Jonczyk,2019/06/26,2019/03/15,2018/10/03,0
647,mspringtorpehy,H4chEX2no,Michal,Springtorpe,2019/05/01,2019/03/01,2018/12/07,0
648,lwindrasshz,SasTWRvm0w,Llewellyn,Windrass,2019/05/07,2018/11/04,2019/02/02,1
649,csurri0,jSkv3o,Christel,Surr,2018/08/02,2019/02/08,2019/03/27,1
650,noleshunini1,pkIA2BrTlUFP,Nonah,Oleshunin,2019/06/08,2019/03/31,2019/03/14,1
651,ksemani2,g6gjpdw,Karola,Seman,2019/04/07,2019/04/15,2018/07/30,1
652,jphizackerlyi3,FxEzDu2MT,Jessy,Phizackerly,2018/10/23,2018/09/18,2019/01/28,0
653,hvermani4,dS4bVmogr,Haskel,Verman,2018/10/17,2019/06/24,2018/09/01,1
654,rquanticki5,dlAUBoqKxm,Reggy,Quantick,2018/07/28,2019/06/11,2018/10/27,1
655,cdorricotti6,v2pHqTh6g2G3,Clive,Dorricott,2018/11/28,2019/06/12,2019/03/02,1
656,sdeferrarii7,5y5FgK8,Sigismund,De Ferrari,2018/12/16,2018/09/11,2018/08/18,1
657,fcornilleaui8,5hlp3mzk,Fiona,Cornilleau,2019/05/21,2019/03/15,2018/09/20,0
658,kmcorkilli9,LN4gFrDuM,Kalle,McOrkill,2018/08/07,2019/01/07,2019/04/05,0
659,dfiguraia,bdzqRY,Doti,Figura,2018/10/02,2018/09/17,2018/09/24,1
660,acurlessib,krbSQNji7X1Q,Agnese,Curless,2019/02/09,2019/02/11,2018/10/29,0
661,jmolanic,yT9yv5vXqb4,Juanita,Molan,2019/02/10,2018/11/05,2018/08/20,1
662,lgabbitasid,Cxb7UuSVDztS,Leigha,Gabbitas,2019/02/15,2018/11/26,2019/04/16,1
663,amilmoreie,4BN47BSeA5T,Amandy,Milmore,2018/09/09,2018/12/18,2019/01/13,0
664,ttumbridgeif,vXBcUhThYH,Tessi,Tumbridge,2018/10/31,2019/04/13,2018/12/25,1
665,rjohantgesig,Hfd5zmgLV,Roseanne,Johantges,2019/05/01,2019/05/30,2019/06/01,1
666,bburkerih,ZPPnh58po,Bobbie,Burker,2018/10/28,2018/08/29,2019/02/03,0
667,mchuckii,ZlU0k7B,Marisa,Chuck,2018/10/09,2019/02/14,2019/01/27,1
668,tbeaumentij,9tAUpAMCzatf,Teddi,Beaument,2019/01/22,2019/02/23,2019/04/06,1
669,rcattelik,YnE7wS,Rufe,Cattel,2019/01/24,2018/08/16,2019/02/24,1
670,fspringateil,QctwSQO6,Felisha,Springate,2018/12/21,2019/03/21,2018/10/23,0
671,sstillyim,cmtMdbd,Starlene,Stilly,2018/12/17,2019/02/22,2019/06/27,0
672,nalishonerin,PRc9Bhj,Nola,Alishoner,2019/06/18,2019/03/15,2018/11/21,1
673,kantillio,SkXuG6yq4BX,Kati,Antill,2018/12/03,2019/02/18,2018/11/21,0
674,mstrutherip,cDnAmSpNuP,Mufinella,Struther,2019/03/17,2018/11/02,2019/01/16,0
675,bfeedhamiq,4Gu7znfLOQ,Bobbie,Feedham,2018/11/28,2018/11/22,2019/06/12,0
676,pspightir,B4e9zohBXpBO,Pauli,Spight,2019/06/18,2018/10/23,2018/07/31,0
677,kgarrowayis,9pa2vQus9vV,Kimberlee,Garroway,2019/06/24,2018/12/05,2018/07/14,0
678,rivashkinit,MVxtXdQ,Ricky,Ivashkin,2018/12/01,2019/01/07,2018/12/17,1
679,thutchasoniu,6VitqEcHfcv,Tammy,Hutchason,2018/08/16,2019/03/15,2018/11/24,1
680,isillitoeiv,pNln2C1cHUKd,Isaak,Sillitoe,2018/07/19,2018/09/27,2019/04/13,0
681,lhugginiw,F2e5J35MT,Leola,Huggin,2019/06/01,2019/04/24,2018/11/07,0
682,msherwynix,roD2Apt,Miguelita,Sherwyn,2019/05/18,2018/09/12,2018/12/03,0
683,mscanloniy,tZx0ELzqB,Marcela,Scanlon,2019/04/09,2019/02/05,2018/08/30,1
684,jfansyiz,63ItiJV3zI,Joletta,Fansy,2018/11/04,2019/04/21,2018/09/22,0
685,wredfordj0,j4Nu7MHE,Walton,Redford,2018/08/12,2018/09/11,2019/02/25,0
686,bfawleyj1,MWg8NL7vNLc,Bat,Fawley,2019/03/02,2019/02/04,2018/10/04,0
687,mlawrencesonj2,xp3naSM,Mora,Lawrenceson,2019/03/28,2019/02/17,2019/01/10,1
688,ederringtonj3,INXHPtf,Erena,Derrington,2018/07/21,2019/02/20,2019/05/23,1
689,ggerattj4,DeqHFxdalIYi,Gypsy,Geratt,2018/08/17,2019/01/12,2019/05/12,1
690,bthewlessj5,xtHcsx3dXL,Benson,Thewless,2019/07/05,2018/08/17,2019/02/18,1
691,lgiffordj6,il70eKRGeIM,Liuka,Gifford,2019/05/31,2018/09/11,2018/08/04,0
692,ustickneyj7,lsCoDo10JM,Ursa,Stickney,2018/08/19,2018/07/15,2018/08/01,1
693,amcclounanj8,uUhxH1,Audrey,McClounan,2018/12/09,2019/06/28,2018/08/16,1
694,ereardonj9,D3OjkCc,Enrique,Reardon,2019/04/22,2018/07/21,2018/10/08,1
695,deickhoffja,kERKjnMB9N1Z,Darn,Eickhoff,2019/02/26,2018/10/15,2018/08/15,1
696,aiggaldenjb,d7uh4O,Annamarie,Iggalden,2018/10/21,2018/10/24,2019/05/08,0
697,dlammingjc,7vd1teDcV,Dene,Lamming,2019/05/21,2019/03/16,2018/08/11,1
698,cmcpikejd,2xXzP6TWXc,Clementine,McPike,2018/07/26,2018/12/09,2019/01/08,0
699,dkieferje,xLzV2tIz,Dav,Kiefer,2019/02/21,2019/02/07,2018/12/21,0
700,bcazejf,GB29QcB8dyJ,Bethanne,Caze,2018/09/25,2018/07/11,2019/05/18,1
701,bkrzyzowskijg,dV0TtT,Bobbee,Krzyzowski,2018/09/24,2019/01/03,2019/03/13,0
702,tmcilveenjh,hI6FU37uPD0,Tallie,McIlveen,2018/09/17,2018/10/26,2019/05/10,1
703,awadelingji,nB6X6JxC3SR,Aksel,Wadeling,2019/01/27,2019/06/16,2018/09/26,1
704,rjohnstonjj,WMgNRE79,Roslyn,Johnston,2019/05/30,2019/04/13,2019/05/10,1
705,bellerbeckjk,PdRlRIY9w,Barrie,Ellerbeck,2019/05/06,2019/07/09,2019/07/09,0
706,csallingerjl,bTi996cc,Clarette,Sallinger,2019/03/26,2019/05/29,2018/12/20,0
707,neclesjm,vls1Vg5cMS2,Niels,Ecles,2019/05/14,2018/11/15,2019/05/31,1
708,twinnisterjn,hil1uOT1ACaE,Talya,Winnister,2019/06/26,2019/03/09,2018/10/09,1
709,cdoonejo,LuHQfCLWiv8q,Cristionna,Doone,2018/12/18,2018/07/31,2018/10/16,0
710,lkalkerjp,Ai3v8B,Lorelle,Kalker,2018/07/20,2018/10/12,2019/03/21,0
711,geyckelbeckjq,eN1EdUw4,George,Eyckelbeck,2018/12/26,2018/09/03,2018/09/11,1
712,dbantickjr,IjEkXkWk,Daphene,Bantick,2018/10/05,2019/01/23,2018/10/05,0
713,mglennonjs,01R80X,Morey,Glennon,2019/02/10,2018/09/22,2019/03/20,1
714,limlenjt,5PJyhes,Lanny,Imlen,2019/07/03,2019/03/15,2019/01/09,0
715,phobgenju,KEDfkX,Pedro,Hobgen,2019/06/23,2018/10/28,2019/06/17,1
716,apelmanjv,NzBQGVfwvox,Ardelia,Pelman,2019/02/16,2019/01/14,2018/12/29,1
717,kcantijw,MwEqEi6b,Kristofor,Canti,2019/01/31,2019/01/27,2018/12/04,0
718,fraftjx,Wj0Kip5RX,Fred,Raft,2019/03/26,2019/02/28,2019/06/12,1
719,sraperjy,nAZsaWry,Shandee,Raper,2018/11/17,2019/03/16,2019/05/08,0
720,ggeakejz,M8ctjuMyFK,George,Geake,2019/06/07,2019/07/07,2018/12/01,0
721,nlinzeek0,m4huzZA,Norry,Linzee,2018/08/04,2019/01/07,2019/03/12,1
722,mlehrk1,rV5JNdh,Marta,Lehr,2018/10/31,2019/06/01,2018/10/03,1
723,lkenwink2,nr90Nq9,Louis,Kenwin,2018/12/15,2018/12/30,2019/01/15,0
724,bmaccarrickk3,ZjyxQnIV,Barnaby,MacCarrick,2018/07/16,2019/03/03,2018/10/24,1
725,erocksk4,iVt9xskI,Emelyne,Rocks,2018/09/25,2019/06/23,2018/10/02,1
726,sgrollmannk5,5bT1PP2,Siouxie,Grollmann,2018/12/01,2019/06/28,2018/11/28,1
727,sgraceyk6,k3yDo8VdYYF3,Sammy,Gracey,2019/03/04,2018/11/30,2019/03/16,0
728,cpaynterk7,Hky7PSYIW6,Cale,Paynter,2019/06/12,2019/04/19,2019/04/18,1
729,tcapaldok8,4r1b28aD78Dh,Tabby,Capaldo,2019/02/14,2018/09/11,2019/03/07,0
730,rbeerntk9,92gB119K,Riley,Beernt,2018/07/16,2018/10/14,2019/01/22,0
731,dbaudetka,8YDgIKYXd,Duff,Baudet,2019/04/08,2019/01/28,2018/11/10,0
732,osprakekb,7TtIg1d,Oralia,Sprake,2018/11/12,2019/03/02,2018/12/02,1
733,szarbkc,iKZC0BQ,Sydney,Zarb,2018/08/14,2018/07/13,2019/04/29,0
734,idimondkd,sRp0sh4RVO,Isacco,Dimond,2018/08/04,2018/11/29,2018/10/01,0
735,jmcgarrieke,X5zji0,Jemmy,McGarrie,2019/03/22,2018/12/30,2019/04/30,1
736,lpetranekkf,JlQ6Wgd,Leesa,Petranek,2018/10/30,2019/03/04,2019/05/26,0
737,xalexandrescukg,KtMJ3LF,Xever,Alexandrescu,2019/06/19,2019/01/27,2019/05/29,0
738,rmaffiakh,Q6hcg4N,Rickert,Maffia,2019/05/01,2018/10/27,2018/07/25,1
739,apaoliniki,hiqmMlt,Aubree,Paolini,2018/12/23,2018/07/20,2018/11/18,1
740,amaundrellkj,Aof1cC2V,Alicia,Maundrell,2018/09/18,2018/09/09,2018/12/20,1
741,rbasezzikk,vMdq1eqgRGr,Roldan,Basezzi,2018/12/22,2018/10/06,2018/09/08,1
742,zkearleykl,kw29wcy4h,Zacharie,Kearley,2019/05/18,2019/03/24,2018/11/02,0
743,nromainekm,YLkDMLalW,Neill,Romaine,2018/12/18,2019/05/16,2019/04/08,0
744,iumankn,Slbj7O,Ivy,Uman,2018/08/12,2019/05/04,2019/07/05,0
745,wduetschensko,Bd9ElWmD1MPf,Wilma,Duetschens,2019/04/05,2018/11/11,2018/11/29,0
746,lcritchardkp,ZJNmmUNK,Letty,Critchard,2018/08/18,2019/02/14,2018/11/25,1
747,bburnellkq,1bKf6hoj,Beale,Burnell,2018/07/12,2018/10/29,2018/07/17,1
748,fjedrychkr,bcnv3wIe,Freddi,Jedrych,2018/10/30,2019/01/26,2018/12/07,0
749,pgulliverks,DrEOvt3WGEM,Paulie,Gulliver,2018/08/02,2019/01/16,2019/05/13,1
750,smarchellokt,t3lWLR1yuK,Stanislas,Marchello,2019/05/28,2018/11/28,2018/08/03,0
751,gstevenku,dX45GU5YZ0,Granny,Steven,2019/03/04,2019/02/22,2019/03/08,1
752,eripleykv,KiGDbXlRZLn4,Ericha,Ripley,2019/01/13,2018/10/22,2018/11/08,0
753,aworttkw,fEttzX0sI7O,Alejoa,Wortt,2019/07/09,2019/02/06,2018/07/11,0
754,dcordeirokx,tUI132a,Danit,Cordeiro,2018/09/20,2018/07/30,2018/08/17,1
755,eianneky,SO5hyqsrir,Elke,Ianne,2018/11/02,2019/04/06,2019/04/29,1
756,tpykekz,HOFGuooYFUH,Teirtza,Pyke,2018/09/27,2019/05/01,2019/06/24,1
757,dledsonl0,pIvJgY,Durand,Ledson,2018/07/19,2019/05/09,2019/01/03,0
758,emellanbyl1,OmgcKrLSJS,Emma,Mellanby,2019/02/22,2019/01/09,2018/12/17,1
759,hhadleyl2,TAHARBLGCYz,Hector,Hadley,2018/09/25,2018/08/13,2018/10/18,1
760,fblachfordl3,h8IwStd,Frieda,Blachford,2018/12/14,2019/06/26,2018/09/02,1
761,jcantrilll4,eLnFe6WDcLX,Jessica,Cantrill,2018/09/18,2018/12/17,2019/01/22,1
762,ccoadel5,r46PoW,Clo,Coade,2018/12/29,2018/08/14,2019/03/15,1
763,mchomiczl6,9CU1Ej,Murdock,Chomicz,2018/12/07,2018/08/14,2019/07/01,0
764,tcommuccil7,VIjwXYaK,Tarrance,Commucci,2018/09/04,2019/02/23,2018/10/23,0
765,ttrivettl8,Z5ooEqASQ,Timoteo,Trivett,2018/10/08,2019/06/11,2018/12/09,1
766,edescroixl9,8abUsE,Ethelda,Descroix,2018/07/23,2019/01/25,2018/12/08,0
767,bbulleyla,jZcJvMzqgY,Brandie,Bulley,2018/10/22,2018/12/08,2019/06/26,1
768,ecarlilelb,CqsU1x,Edee,Carlile,2018/09/19,2019/05/25,2019/05/26,1
769,olebatteurlc,5xpgY3pJVO,Osgood,Le Batteur,2018/12/30,2019/03/12,2019/04/29,1
770,ghadlandld,xhsDXSvwQn,Gearalt,Hadland,2018/12/23,2019/02/25,2018/09/01,0
771,tbrenstuhlle,FUmWCKjTR,Thom,Brenstuhl,2019/02/22,2019/04/09,2019/05/19,1
772,mcuardalllf,30nyTrIvxXIV,Mitchel,Cuardall,2019/05/26,2019/01/18,2019/05/06,0
773,esouthwoodlg,x8Ew47AcS,Ediva,Southwood,2019/03/13,2018/09/26,2019/05/19,0
774,akairnslh,GzcZL9p8d,Arlina,Kairns,2019/01/21,2019/05/06,2019/01/11,1
775,msieveli,ABjKT0G0oAy,Myrwyn,Sieve,2018/10/25,2018/09/02,2018/09/03,1
776,kgillbelj,m1FOgFqJdnM,Kameko,Gillbe,2019/03/19,2018/10/10,2018/07/10,0
777,cdomokoslk,IPebbc,Cristabel,Domokos,2019/04/09,2019/04/26,2019/05/27,1
778,gbedhamll,MH6eRCG6i,Geri,Bedham,2018/09/14,2019/03/30,2019/06/12,1
779,vhowarthlm,mu6rn9g,Vladimir,Howarth,2018/07/23,2018/09/24,2019/05/08,0
780,lsaffonln,3WnOvSfQbn8v,Lindi,Saffon,2019/05/09,2019/03/12,2019/06/30,1
781,aschonfeldlo,0MsHOem,Andrej,Schonfeld,2019/05/03,2018/11/12,2019/03/31,1
782,sbenadettelp,deUcVD,Susie,Benadette,2018/10/10,2019/01/29,2018/10/11,1
783,mgurkolq,kZABZ28A,Marcelia,Gurko,2019/03/30,2019/05/20,2018/08/16,1
784,dchawnerlr,ICKFB8vV88,Dunc,Chawner,2019/02/24,2019/04/16,2019/05/24,0
785,vclemencels,U8HuLWu0,Vyky,Clemence,2019/01/08,2019/03/13,2018/08/17,0
786,dhelversenlt,0pTPcSJ,Dynah,Helversen,2019/03/10,2019/04/06,2019/03/02,1
787,ehockinglu,ZBTugkJO1kF,Edouard,Hocking,2018/12/21,2019/03/14,2019/01/14,1
788,mmarzellalv,JSc24CUw5ejX,Merrel,Marzella,2019/07/01,2018/11/24,2019/05/07,1
789,toldenlw,RCMKjB6,Tony,Olden,2019/04/11,2019/06/16,2019/05/31,0
790,earchbaldlx,AWyvXVPXq,Ethyl,Archbald,2018/11/04,2019/05/24,2018/08/10,0
791,kbooijly,JBYJFL,Klemens,Booij,2019/03/07,2019/06/14,2018/08/01,1
792,rwestermanlz,n7zFsTZ7,Rubetta,Westerman,2018/08/22,2019/02/19,2018/12/03,0
793,mgoldenofirelandm0,FQWNmnw8bB,Meriel,Golden of Ireland,2018/09/05,2018/12/28,2019/04/10,1
794,adobrovolnym1,UbRO71,Antonina,Dobrovolny,2019/02/16,2018/07/17,2018/11/14,1
795,ncellerm2,SFBOycAl1,Nilson,Celler,2019/01/22,2018/09/21,2019/04/22,1
796,mliffm3,kFkkPTm4kZV,Mechelle,Liff,2019/02/04,2019/06/12,2018/11/30,1
797,ivanarsdallm4,jV1G5ACm,Isa,Van Arsdall,2018/08/20,2018/09/09,2018/12/07,0
798,dambrogionim5,9h5q5HV,Debbie,Ambrogioni,2019/04/26,2018/12/06,2018/09/08,0
799,msiggerym6,PzcWUZBh,Melly,Siggery,2019/05/29,2018/07/12,2018/09/17,1
800,dtredwellm7,gXX2tQX90S1,Dilly,Tredwell,2019/02/06,2018/08/25,2018/07/24,1
801,gghionim8,B1NgJuv,Guido,Ghioni,2019/01/19,2019/03/29,2018/10/13,1
802,jbrimleym9,A9NSsN,Jerrine,Brimley,2019/01/01,2019/05/15,2018/09/02,1
803,pcaminma,RHuQhOG9Q,Prentice,Camin,2019/05/26,2019/07/01,2018/12/15,1
804,anovotnemb,iQjpGn4yt7X8,Archer,Novotne,2018/08/15,2019/04/09,2019/06/18,1
805,naxtellmc,Q1DAKh60O5,Norrie,Axtell,2018/10/09,2018/07/24,2018/08/17,0
806,cabbatemd,IlIMjT8tn,Charmion,Abbate,2018/07/10,2019/03/15,2018/10/07,1
807,jpassme,lqRZwVeD6,Josh,Pass,2019/01/15,2019/02/18,2018/11/17,1
808,rmolinesmf,dyWYL0,Rockie,Molines,2018/11/24,2018/08/19,2018/12/21,1
809,cfarniemg,060bpq,Cassandre,Farnie,2018/09/14,2018/10/09,2019/05/21,0
810,rmcauslandmh,OnIfpm7DPf,Rosemaria,McAusland,2018/10/06,2019/01/02,2019/01/17,1
811,chudspithmi,elNCj7X,Callean,Hudspith,2019/01/15,2019/05/27,2019/01/18,1
812,xsikorskymj,N0yAEsllNRl,Xenia,Sikorsky,2018/07/13,2018/12/23,2018/08/21,0
813,zianettimk,19FQDKZ4z,Zonda,Ianetti,2019/02/01,2018/08/31,2018/08/23,0
814,lhabbenml,A0oDBFa,Lilas,Habben,2018/12/27,2018/09/20,2018/07/11,1
815,lkennhammm,NzKcr5Bd,Leonanie,Kennham,2019/01/13,2018/08/15,2018/08/06,1
816,dcabrermn,zPjhIty,Dani,Cabrer,2019/01/20,2018/10/02,2018/11/28,0
817,sfowkesmo,8kLSd2xBMhRa,Selene,Fowkes,2019/03/28,2019/07/05,2019/05/30,0
818,fgoundrymp,CZq1BLr8a0k,Flory,Goundry,2018/07/19,2019/06/01,2019/04/05,0
819,dmartiniemq,bMeeIuA66Qb,Deck,Martinie,2019/03/04,2018/12/08,2018/10/16,1
820,wfarrimondmr,BWwic2STd,Walker,Farrimond,2018/10/08,2018/10/13,2019/02/22,0
821,rbernardinms,iRBxGag,Rea,Bernardin,2019/04/09,2019/03/22,2018/08/15,0
822,hweblandmt,VfeOY8dVZ,Hadlee,Webland,2018/10/02,2019/02/15,2019/03/29,1
823,dshellsheeremu,YUzjv4Z59rge,Dunstan,Shellsheere,2018/12/22,2018/09/27,2018/10/20,1
824,efordermv,XUgQkGbE7NNX,Errol,Forder,2019/06/22,2019/04/03,2018/11/17,1
825,mbeauchampmw,BCkZLksY,Marshal,Beauchamp,2019/06/22,2018/09/16,2018/12/02,0
826,apetticanmx,jGaPVQYO1F2,Averil,Pettican,2019/01/17,2018/10/02,2019/07/01,1
827,mteasdalemy,yOrkIpfyP,Madelon,Teasdale,2018/12/03,2019/03/25,2019/05/18,0
828,galsteadmz,jbPKVYT4hX,Guinna,Alstead,2018/12/06,2018/12/11,2018/12/11,1
829,tdonahern0,6z4gJ2AYfws,Theda,Donaher,2019/05/22,2019/01/02,2018/08/27,1
830,sokeenann1,YnqlEr,Susy,O'Keenan,2018/12/05,2018/07/13,2018/08/27,0
831,cwilchern2,ZoaZ3RJO,Cathlene,Wilcher,2019/02/28,2019/05/03,2018/10/27,1
832,epapaminasn3,4e1n8r1C,Ekaterina,Papaminas,2018/11/02,2019/01/19,2018/12/04,1
833,lmaciocian4,8AtsQQYPMb4,Leeann,Maciocia,2018/08/18,2019/07/01,2019/06/23,0
834,mfairlambn5,KC4tqrvTj41,Merwyn,Fairlamb,2019/06/13,2018/10/08,2018/11/19,1
835,jdantonin6,0HYmHffXFIEO,Jeannette,D'Antoni,2018/11/18,2018/10/29,2019/07/08,1
836,ltingcombn7,pQl3KBpW,Lethia,Tingcomb,2018/08/29,2019/04/18,2018/08/08,1
837,rroyaln8,naYjgeU,Rogerio,Royal,2019/05/27,2019/06/23,2018/12/27,0
838,ajoblinn9,7TQ6cHI,Alikee,Joblin,2018/07/24,2019/04/27,2019/03/19,0
839,vlantuffna,swEH5tA1Gm,Vincent,Lantuff,2018/12/24,2019/04/27,2018/11/04,0
840,tfoskettnb,a5ZTJdP,Theodora,Foskett,2019/04/07,2018/10/01,2019/01/10,1
841,gmeinekingnc,rRfBcDOY1QJw,Georgi,Meineking,2019/03/29,2019/05/09,2018/09/20,0
842,fjumelnd,l68bBt7,Ferne,Jumel,2018/10/30,2018/09/01,2019/02/19,0
843,tfruserne,Yvh0U2d,Todd,Fruser,2019/06/23,2019/01/30,2019/03/20,0
844,fahmednf,QC6AeeU2lMdJ,Freda,Ahmed,2019/04/11,2019/04/27,2019/05/18,1
845,lreging,oGVNZbIx,Lilias,Regi,2018/10/27,2019/02/27,2019/05/25,1
846,bpaleynh,TlGn9ifrftb,Brian,Paley,2019/06/15,2018/12/26,2019/05/08,1
847,pperilloni,T0MmoMGVn,Phil,Perillo,2018/09/28,2018/10/01,2018/10/26,0
848,akubaseknj,xj0kM4fPp9b,Ammamaria,Kubasek,2019/01/19,2018/10/28,2018/12/29,0
849,rshulemnk,I5hBwkrx0Ca,Renard,Shulem,2019/01/30,2018/12/07,2019/05/04,0
850,cworsnupnl,2puvY3b,Corry,Worsnup,2018/12/01,2019/03/28,2018/09/04,1
851,lhogsdennm,7bMJiatirn,Lisetta,Hogsden,2019/01/03,2019/03/03,2018/09/27,0
852,celksnn,1m5EdTo9k,Claretta,Elks,2019/05/13,2018/08/17,2018/08/22,0
853,scresarno,arBA7P0VFR,Stinky,Cresar,2018/12/20,2018/09/01,2019/06/20,1
854,bhanbridgenp,AnfNlIs1z,Berne,Hanbridge,2018/07/12,2018/10/05,2019/04/17,0
855,kcollobynq,jLC794Omdx,Klemens,Colloby,2019/04/02,2018/07/11,2019/02/15,0
856,mfraziernr,sK5uXeW,Murdock,Frazier,2018/11/11,2018/09/11,2018/10/30,1
857,crobicns,t81sz89SL,Corissa,Robic,2019/05/11,2019/01/04,2018/12/21,1
858,mhallowsnt,DZq9CFbsBN3,Magdalene,Hallows,2018/08/09,2018/08/18,2018/10/27,0
859,bhedgenu,MR3mUCJ,Benedicta,Hedge,2018/09/29,2018/12/19,2018/09/04,1
860,jbowshernv,gCQmZnFS7HDZ,Janine,Bowsher,2018/09/04,2019/05/12,2019/02/21,0
861,vsnodinnw,rlYBE1JKQfF,Vanessa,Snodin,2018/09/10,2019/01/17,2019/04/08,1
862,ccrosswaitenx,aoLk2xFI,Cherye,Crosswaite,2018/07/26,2019/01/25,2018/09/19,0
863,gquinnellyny,CjFABD,Gianina,Quinnelly,2019/04/08,2019/03/28,2019/04/28,1
864,dteeknz,iPV3HF0v,Dorotea,Teek,2018/10/02,2018/11/26,2018/10/31,1
865,jsatcho0,BC1ONPmogNSM,Jacynth,Satch,2019/06/11,2019/04/24,2019/02/26,1
866,pdallyo1,Th6Qgeq7fzY,Price,Dally,2018/11/28,2018/09/05,2019/04/10,1
867,efourmyo2,h9lgVP,Evaleen,Fourmy,2018/12/02,2019/03/29,2018/09/16,0
868,bbreakeyo3,rYImbUsUl3Zf,Barbette,Breakey,2019/03/18,2019/03/19,2018/12/17,0
869,gfaveryearo4,58DYfqT,Galvan,Faveryear,2019/04/14,2019/04/04,2019/05/24,0
870,ctryeo5,j9BGyS,Corrina,Trye,2018/09/20,2019/04/16,2019/02/09,0
871,areyburno6,oVGIwb2GI2,Allan,Reyburn,2019/03/06,2018/08/25,2019/02/16,0
872,eaugustineo7,36yJAsIS7C,Erie,Augustine,2018/10/28,2018/11/09,2019/03/11,1
873,zyono8,uUlmgK2Bz,Zaccaria,Yon,2018/07/13,2019/05/01,2018/10/10,1
874,jesleyo9,JwFYBqa,Jackqueline,Esley,2019/05/29,2018/09/29,2018/10/30,0
875,kbonafantoa,I3rtIkf,Korey,Bonafant,2019/04/03,2019/02/19,2019/04/07,1
876,epingstoneob,9Ci3N03,Elihu,Pingstone,2019/06/12,2019/02/03,2018/12/30,0
877,mderdesoc,sy71K7H6N1G,Melody,Derdes,2019/01/10,2018/10/18,2019/01/21,0
878,sassinderod,tvs7F3eLF,Sutton,Assinder,2019/06/19,2019/04/05,2018/08/30,1
879,bsilwoodoe,CLto85cR6eQ,Brennan,Silwood,2019/05/12,2018/11/21,2019/02/07,1
880,hthorntonof,JxlISndS7aU,Hewett,Thornton,2018/09/17,2018/11/06,2018/10/22,1
881,critsonog,0mjsROPl74s,Charis,Ritson,2019/04/19,2019/06/09,2019/05/10,1
882,vdosdaleoh,USi5jCTs8kmU,Valerie,Dosdale,2019/05/06,2018/09/26,2019/01/11,0
883,rschelleoi,HWCE9RC,Rosabella,Schelle,2019/04/17,2018/09/09,2019/06/04,0
884,thenzleyoj,zsCgcia,Tanhya,Henzley,2018/10/30,2018/07/22,2018/12/11,1
885,radenotok,uxEaLUu,Rickard,Adenot,2019/06/06,2018/11/02,2018/10/31,1
886,civashintsovol,E9Ekosd,Chadwick,Ivashintsov,2019/06/16,2018/11/30,2018/11/16,1
887,ikunzelom,j79WM7kM1G,Ibby,Kunzel,2019/03/12,2018/07/31,2019/02/11,1
888,ggorion,6CBRwFa,Ginger,Gori,2018/09/30,2019/05/06,2019/05/01,1
889,rgammelloo,heU4IO,Ronald,Gammell,2019/02/09,2018/11/13,2019/05/23,0
890,vgilmartinop,hoL8yxA7nCD,Valerye,Gilmartin,2019/02/04,2019/03/12,2019/03/29,1
891,ryakobowitchoq,9cMpWf,Rosy,Yakobowitch,2018/09/22,2019/02/05,2019/04/15,0
892,tchristonor,vOriIg,Thorny,Christon,2018/09/30,2018/07/30,2018/10/30,1
893,gkenrightos,GVkUNIdny,Garfield,Kenright,2018/10/02,2019/06/18,2019/06/08,1
894,adewfallot,9Mz7gEg,Augustine,Dewfall,2019/01/05,2019/02/04,2018/11/19,0
895,cludlowou,RJZEqOM1Z,Christina,Ludlow,2019/03/25,2019/03/03,2019/05/10,1
896,zsummerellov,2KRS5Fo,Zuzana,Summerell,2018/11/12,2018/12/15,2018/10/28,1
897,rskermerow,UJ9lTw40eU,Rowen,Skermer,2019/06/10,2018/07/30,2019/01/06,1
898,ablomefieldox,j3FWyFUbhe2,Ardisj,Blomefield,2019/02/28,2018/07/11,2019/06/10,0
899,mdurdyoy,3khTcA3gp,Morry,Durdy,2019/01/04,2019/05/04,2018/09/02,0
900,mwillshereoz,WMfoHzHW,Morten,Willshere,2019/05/26,2018/09/06,2019/01/26,1
901,fstrutp0,77YSTd,Ferne,Strut,2018/08/10,2019/03/29,2018/12/05,1
902,dsirkettp1,XVl8b6CaeG,Dall,Sirkett,2019/02/24,2019/02/12,2018/11/06,0
903,mverlindep2,3R7cJuF,Meredith,Verlinde,2018/09/08,2019/02/25,2018/09/21,0
904,cdyshartp3,xJ8rvAz,Codi,Dyshart,2018/09/26,2019/06/06,2019/03/07,1
905,dachurchp4,WP5mwE,Darby,Achurch,2019/06/21,2018/09/01,2019/01/10,0
906,lsneydp5,mUIScTY,Louisette,Sneyd,2019/01/25,2019/05/04,2018/08/30,0
907,tardenp6,BwW9pONo3x,Tobe,Arden,2018/12/05,2018/11/09,2019/03/15,0
908,kbergeonp7,K4dnEItCPIJ,Keeley,Bergeon,2019/04/27,2018/07/11,2019/04/05,1
909,sfoxleyp8,NSL5hY,Sibyl,Foxley,2019/05/22,2019/01/09,2019/06/27,0
910,wkopkep9,EFCdtfBpf9X,Wilie,Kopke,2019/01/21,2019/04/09,2019/03/21,1
911,mhamblynpa,JjCWYZbManV,Marney,Hamblyn,2018/10/13,2018/10/09,2018/12/07,1
912,rjosiahpb,jBBOrK,Reinold,Josiah,2018/09/30,2018/07/26,2018/08/04,1
913,aluthwoodpc,LNDWJoHW,Addy,Luthwood,2019/06/25,2018/12/29,2019/05/14,0
914,ebairdpd,lg5VPejn,Elayne,Baird,2019/02/24,2019/04/01,2018/08/10,0
915,wmathiepe,RbL5UVQDaE,Winifield,Mathie,2019/02/04,2019/05/08,2019/05/03,1
916,bradsdalepf,lp0UnNTv2Pjq,Boigie,Radsdale,2019/03/17,2018/11/30,2019/06/19,0
917,gdobesonpg,3SqBlh,Gard,Dobeson,2018/08/30,2018/12/10,2019/02/13,0
918,psandlinph,bXMhKf5,Phineas,Sandlin,2018/09/01,2018/09/21,2018/08/27,0
919,fundrillpi,tTh8WGsLE,Forester,Undrill,2019/06/09,2018/10/01,2019/05/25,0
920,jbousteadpj,5OtpjCB,Joby,Boustead,2019/07/06,2019/06/22,2018/11/17,0
921,jswedelandpk,lzeyNOLY0qiS,Jodi,Swedeland,2019/02/03,2019/04/14,2018/10/29,1
922,jnyssenspl,Iqcqx24oIJwy,Jecho,Nyssens,2018/10/22,2019/04/28,2019/06/09,0
923,jcovendonpm,twA5iuX4N1N,Juliann,Covendon,2019/01/09,2019/04/01,2018/12/06,1
924,babrahampn,OtSSn4qg4vB,Brandi,Abraham,2019/06/03,2019/01/15,2018/09/08,1
925,rtowseypo,2soEV5Ku5,Ringo,Towsey,2018/08/11,2019/04/19,2019/02/23,0
926,pcookpp,UAkuh2A8VdY,Pavla,Cook,2019/03/07,2019/02/08,2019/05/20,0
927,clengletpq,30gU37b2g8q1,Carlen,Lenglet,2019/01/25,2018/10/08,2018/09/10,0
928,acapponerpr,0Ty21NWb4Gd2,Ashbey,Capponer,2019/03/29,2018/11/21,2019/03/17,0
929,mfreundps,fb2Hq0y7o5N,Morgan,Freund,2019/05/08,2019/06/18,2019/04/24,1
930,ilandegpt,RAAD73iIi9,Ileane,Landeg,2018/11/23,2018/12/31,2019/02/22,1
931,qrobbiepu,y5Iqjen4Qrz,Quillan,Robbie,2018/11/13,2018/12/08,2019/03/16,0
932,gshaypv,UmhEuQcxiwk,Guy,Shay,2019/01/30,2018/11/26,2018/07/17,0
933,mlaughtissepw,PuIhw21S9Bt,Marley,Laughtisse,2019/07/08,2018/12/31,2018/07/15,1
934,ugreengrasspx,LWYXQ5e,Ulberto,Greengrass,2018/07/14,2018/12/22,2019/07/01,0
935,cattriepy,sKfCaU513,Chryste,Attrie,2019/05/07,2019/01/28,2018/09/10,0
936,tthongerpz,bZ3UnEMp,Thaine,Thonger,2018/09/02,2018/10/20,2019/04/04,1
937,mmathiasq0,YlU3UKFBD,Micki,Mathias,2018/12/30,2018/11/21,2019/01/30,0
938,dmcinnernyq1,7MSf7bTqo,Devina,McInnerny,2018/07/20,2019/02/26,2019/03/29,0
939,gmacneishq2,CRH5wt,Ganny,MacNeish,2019/01/20,2018/11/06,2018/09/08,0
940,bzecchettiq3,ygbUWfZAbx,Bernice,Zecchetti,2019/05/24,2018/08/31,2019/05/28,1
941,fspadariq4,nbjaepoGjhU,Francois,Spadari,2019/05/06,2018/08/18,2019/02/14,0
942,dhenzeq5,4exGzc,Derward,Henze,2018/12/10,2019/02/06,2018/07/26,1
943,ybeswickq6,8DIpkqIjfd,Yoshiko,Beswick,2018/09/28,2019/02/06,2019/02/01,0
944,estotherfieldq7,ZlDkrUR0Z2Jt,Em,Stotherfield,2018/07/15,2019/04/15,2019/04/08,0
945,gmerriganq8,ny6rl2f9a0sC,Gaylor,Merrigan,2018/07/24,2019/05/08,2019/03/10,0
946,atrussellq9,aX0vxkYT3,Annalise,Trussell,2018/12/26,2018/12/06,2019/05/06,1
947,krooneyqa,bqQm3xGxb,Killie,Rooney,2019/06/26,2018/11/30,2019/02/21,1
948,tgrogorqb,s3iKlfUiztV,Tobe,Grogor,2019/03/13,2019/03/08,2019/05/23,0
949,dbettridgeqc,sGX3avX,Delaney,Bettridge,2018/10/09,2019/03/27,2019/03/26,0
950,fsemradqd,h9JT6JvingS,Fabe,Semrad,2019/02/01,2018/11/02,2019/03/21,1
951,iferoqe,VTCSMfbnv74b,Isa,Fero,2019/05/20,2018/12/21,2019/01/29,1
952,mbretonqf,6OUKLA0,Marin,Breton,2019/06/09,2018/12/04,2018/08/19,0
953,dkopacekqg,wflJ5iQn,Demetre,Kopacek,2018/10/06,2018/10/08,2019/03/03,0
954,ngodinqh,6ZJovrbR,Nana,Godin,2019/01/22,2018/11/04,2018/08/29,0
955,ihenkenqi,djG6VgtqKefV,Israel,Henken,2019/01/28,2018/08/04,2019/05/20,1
956,dbilbrookqj,6v6piXn9,Daile,Bilbrook,2019/02/16,2018/09/04,2018/09/28,0
957,ywicksteadqk,6P2y2ZJ,Yvette,Wickstead,2019/01/13,2019/02/18,2018/12/29,1
958,fhatherleighql,PNvgAspB,Fredi,Hatherleigh,2018/12/27,2018/08/02,2018/12/31,0
959,efleaqm,lmojSL1DsUkl,Ed,Flea,2019/06/03,2018/07/12,2018/10/05,1
960,ljacobssenqn,7GbhMGrIMjV,Lew,Jacobssen,2019/06/07,2019/03/29,2018/11/11,0
961,nbinfordqo,Uu4jcesn3Ijx,Nessy,Binford,2018/12/24,2019/06/21,2019/02/23,0
962,tporteousqp,etlzZRs,Temple,Porteous,2019/03/05,2018/09/19,2019/01/05,1
963,rvandrillqq,MBb4sYwn4sUb,Ronnie,Vandrill,2018/10/27,2019/04/26,2019/02/13,0
964,nbarnwillqr,O9xr32,Nesta,Barnwill,2018/09/05,2018/11/16,2019/06/23,0
965,ahurlestoneqs,HVK68dG9aJa,Anet,Hurlestone,2018/11/19,2018/11/01,2019/07/06,1
966,rbebbqt,qYllOe,Rolland,Bebb,2018/08/07,2019/04/14,2018/10/22,1
967,ssherwynqu,18HUi3CzAU,Sheffie,Sherwyn,2019/02/24,2018/12/26,2019/07/06,1
968,ljaqueminetqv,cliQyHoan,Ludovika,Jaqueminet,2018/12/10,2019/06/21,2018/11/09,0
969,jaytonqw,cl521Lf,Jarad,Ayton,2019/06/13,2019/03/16,2018/08/21,0
970,dekinsqx,g179YaOQL,Debra,Ekins,2018/09/20,2019/03/02,2019/05/20,1
971,vklaggemanqy,oiqEudyXJz,Vaughn,Klaggeman,2019/06/13,2018/08/28,2018/09/22,0
972,lbandqz,JMp230,Lissy,Band,2019/02/14,2018/12/27,2018/10/08,0
973,pgilhespyr0,XXgSt97wLL,Portie,Gilhespy,2019/01/07,2018/12/31,2019/04/20,0
974,nflaubertr1,t5l2DJDoloj,Nanni,Flaubert,2018/11/15,2018/10/21,2018/11/17,1
975,marghentr2,3tHs1agqKj,Mace,Arghent,2018/10/30,2018/10/22,2018/12/15,0
976,cpaddockr3,68m2cgyQsIV,Carolan,Paddock,2018/09/12,2018/10/27,2018/09/10,0
977,fivelr4,Oa1r71uc0,Flory,Ivel,2018/12/13,2019/05/29,2019/03/08,0
978,sfernandesr5,ZIzRX7SSTJ,Scot,Fernandes,2018/11/12,2018/08/05,2018/11/30,1
979,atrustier6,vMyT2ex0,Anallese,Trustie,2019/04/16,2018/07/13,2019/01/25,1
980,ranyener7,z10cOa,Robbie,Anyene,2019/04/20,2018/09/01,2018/09/18,0
981,ctwinboroughr8,fvbFWMANywuH,Carita,Twinborough,2019/04/27,2019/05/29,2018/10/18,1
982,edurkinr9,hjzso581,Earle,Durkin,2019/02/18,2019/03/26,2019/03/15,1
983,sphelipsra,yzH2BXUVpqn,Shelba,Phelips,2019/05/02,2019/05/12,2018/07/22,1
984,lmccaskellrb,tNKK0e,Libbi,McCaskell,2019/03/09,2019/03/22,2019/04/28,0
985,jjaquissrc,2NSWPIEp0LQ,Jenn,Jaquiss,2018/12/07,2018/09/21,2019/07/06,0
986,dlunord,YZ3Ubdf0,Dotty,Luno,2018/10/05,2019/05/18,2018/11/11,0
987,gpasquere,Bjk1UIUF63np,Graham,Pasque,2019/07/06,2019/04/25,2018/11/17,0
988,ftinghillrf,4LImKell7NI,Farlay,Tinghill,2019/03/25,2018/12/19,2018/12/10,1
989,wdewilderg,jbMeN6,Ware,de Wilde,2018/12/11,2019/02/10,2019/04/23,0
990,drussilllrh,btxqe2,Danila,Russilll,2019/03/27,2019/01/12,2018/10/12,0
991,emcloneyri,z5Qu3i,Elladine,McLoney,2019/02/10,2019/02/11,2018/12/08,0
992,lquibellrj,FJ2VU3,Luz,Quibell,2018/12/16,2019/01/30,2019/04/27,0
993,ghumrk,2HCeF8,Garrott,Hum,2019/03/13,2018/07/23,2019/04/19,1
994,bdorrellrl,awY4hJqO6,Billi,Dorrell,2018/12/04,2019/03/15,2018/10/30,1
995,sbettisrm,MBNlz5sJ,Stevena,Bettis,2019/02/18,2019/04/12,2019/03/23,1
996,ljunesrn,nnAJzg8SuM,Layla,Junes,2019/02/28,2019/06/07,2019/03/09,1
997,ipinnigerro,sTRFX93n1,Issi,Pinniger,2018/08/21,2019/07/03,2019/05/19,0
998,amccurlyerp,ELrvlAd,Avrit,McCurlye,2019/04/30,2019/07/09,2019/07/06,0
999,ngainsburghrq,0VvmGgJqxY,Nathaniel,Gainsburgh,2018/11/04,2018/11/11,2018/12/24,1
1000,rmurrowrr,FsnHAQ3Z,Roy,Murrow,2019/03/15,2018/09/06,2019/05/17,1
